Возраст,Пол,Квалификация,Стаж,Семейное положение,Иждивенцы,Срок проживания,Иностранное гражданство,Телефон,Банковский счет,Сберегательный счет,Собственность,Плата за жилье,Кредитный рейтинг,Число кредитов,Другие кредиты,Сумма,Срок,Процентная ставка платежа,Поручители,Цель,Класс
0,33,1,1,1,никогда не состоял(а),2,1,1,0,-1,1,недвижимость,собственность,2,1,нет,2579,12,4,нет,автомобиль (новый),0
1,57,1,3,4,никогда не состоял(а),1,2,1,1,1,1,неизвестно/нет собственности,бесплатно,2,1,нет,14318,36,4,нет,автомобиль (новый),0
2,25,0,2,4,замужем/живет раздельно/разведена,1,2,1,1,1,0,страхование жизни/сберегательный договор,собственность,2,1,банк,2762,12,1,нет,мебель/оборудование,0
3,44,1,3,2,живет раздельно/разведен,1,4,1,1,-1,1,недвижимость,аренда,0,1,нет,3384,6,1,нет,мебель/оборудование,0
4,29,0,2,2,замужем/живет раздельно/разведена,1,2,1,0,-1,1,недвижимость,собственность,0,2,нет,3499,12,3,созаемщик,автомобиль (новый),0
5,42,1,3,4,никогда не состоял(а),1,4,1,0,-1,1,неизвестно/нет собственности,бесплатно,2,1,банк,7763,48,4,нет,автомобиль (новый),0
6,35,0,2,2,замужем/живет раздельно/разведена,1,2,1,0,-1,0,страхование жизни/сберегательный договор,собственность,2,1,нет,1381,24,4,нет,автомобиль (новый),0
7,48,1,2,2,никогда не состоял(а),1,4,1,0,-1,1,автомобиль,собственность,4,2,банк,1082,12,4,нет,автомобиль (новый),0
8,28,1,3,0,женат/овдовел,1,2,1,0,1,1,автомобиль,собственность,0,2,нет,5234,30,4,нет,автомобиль (новый),0
9,74,0,3,4,замужем/живет раздельно/разведена,2,4,1,1,1,1,неизвестно/нет собственности,бесплатно,3,1,банк,5129,9,2,нет,автомобиль (б/у),0
10,40,1,1,2,никогда не состоял(а),2,4,1,0,-1,1,автомобиль,аренда,2,1,нет,684,12,4,нет,образование,0
11,44,1,2,2,никогда не состоял(а),1,2,1,0,0,3,неизвестно/нет собственности,бесплатно,0,1,банк,10127,48,2,нет,автомобиль (новый),0
12,39,1,3,4,никогда не состоял(а),1,2,1,1,-1,1,страхование жизни/сберегательный договор,аренда,2,1,нет,3345,24,4,нет,мебель/оборудование,0
13,36,1,2,2,никогда не состоял(а),2,2,1,0,0,1,автомобиль,собственность,4,2,магазин,4165,18,2,нет,бизнес,0
14,37,1,2,2,никогда не состоял(а),1,4,1,1,1,0,неизвестно/нет собственности,бесплатно,2,1,нет,12389,36,1,нет,автомобиль (новый),0
15,25,0,1,1,замужем/живет раздельно/разведена,1,4,1,0,1,1,автомобиль,собственность,0,1,банк,4736,24,2,нет,мебель/оборудование,0
16,37,1,2,2,никогда не состоял(а),1,2,1,0,2,1,недвижимость,собственность,2,1,магазин,2100,18,4,созаемщик,радио/телевидение,0
17,24,0,3,1,замужем/живет раздельно/разведена,1,2,1,0,1,2,страхование жизни/сберегательный договор,собственность,2,1,нет,7408,60,4,нет,автомобиль (новый),0
18,28,1,2,2,никогда не состоял(а),1,2,1,1,-1,1,страхование жизни/сберегательный договор,аренда,4,2,нет,6199,12,4,нет,радио/телевидение,0
19,23,1,1,2,никогда не состоял(а),1,2,1,0,1,3,страхование жизни/сберегательный договор,собственность,0,2,нет,2520,27,4,нет,радио/телевидение,0
20,31,1,2,4,никогда не состоял(а),1,4,1,0,0,2,автомобиль,собственность,2,2,нет,3621,24,2,нет,радио/телевидение,0
21,25,0,2,1,замужем/живет раздельно/разведена,1,1,1,0,1,1,автомобиль,аренда,2,1,нет,1295,12,3,нет,автомобиль (новый),0
22,32,1,2,2,никогда не состоял(а),1,2,1,0,0,1,страхование жизни/сберегательный договор,собственность,0,2,банк,1530,18,3,нет,автомобиль (новый),0
23,45,1,1,2,никогда не состоял(а),1,2,1,0,-1,1,автомобиль,собственность,2,1,нет,4006,28,3,нет,автомобиль (новый),0
24,26,1,2,3,никогда не состоял(а),1,2,1,0,-1,1,недвижимость,собственность,2,1,нет,759,12,4,нет,автомобиль (новый),0
25,48,1,2,1,женат/овдовел,1,4,1,0,-1,1,недвижимость,собственность,1,1,магазин,1024,24,4,нет,радио/телевидение,0
26,26,0,2,1,замужем/живет раздельно/разведена,1,4,1,0,-1,1,страхование жизни/сберегательный договор,аренда,4,1,нет,3114,18,1,нет,мебель/оборудование,0
27,57,1,1,4,никогда не состоял(а),1,4,1,0,-1,1,недвижимость,собственность,2,1,магазин,709,12,4,нет,радио/телевидение,0
28,58,0,1,4,замужем/живет раздельно/разведена,1,4,1,0,-1,1,неизвестно/нет собственности,бесплатно,0,2,магазин,6143,48,4,нет,автомобиль (б/у),0
29,40,1,3,4,живет раздельно/разведен,1,3,1,1,1,1,неизвестно/нет собственности,собственность,1,1,нет,4297,18,4,нет,мебель/оборудование,0
30,34,1,3,1,никогда не состоял(а),1,2,1,1,2,1,автомобиль,собственность,4,2,нет,1337,9,4,нет,радио/телевидение,0
31,27,1,2,1,никогда не состоял(а),1,4,1,1,0,0,автомобиль,аренда,1,2,нет,7980,36,4,нет,бизнес,0
32,33,1,3,0,никогда не состоял(а),1,2,1,1,0,1,автомобиль,аренда,2,1,банк,4844,48,3,нет,бизнес,0
33,27,0,2,1,замужем/живет раздельно/разведена,1,1,1,0,-1,1,страхование жизни/сберегательный договор,собственность,2,1,нет,3123,24,4,нет,автомобиль (новый),0
34,61,1,3,4,никогда не состоял(а),1,4,1,1,1,1,неизвестно/нет собственности,бесплатно,4,1,нет,1953,36,4,нет,бизнес,0
35,29,1,2,4,никогда не состоял(а),1,4,1,0,-1,1,автомобиль,аренда,4,2,нет,11816,45,2,нет,бизнес,0
36,23,0,2,1,замужем/живет раздельно/разведена,1,3,1,1,-1,1,автомобиль,аренда,2,1,нет,1216,18,4,нет,автомобиль (новый),0
37,24,0,1,2,замужем/живет раздельно/разведена,1,4,1,0,-1,1,недвижимость,собственность,3,1,банк,626,12,4,нет,радио/телевидение,0
38,32,1,1,3,никогда не состоял(а),2,4,1,0,-1,1,неизвестно/нет собственности,бесплатно,3,2,нет,1442,18,4,нет,автомобиль (новый),0
39,22,0,2,1,замужем/живет раздельно/разведена,1,2,1,1,1,1,автомобиль,собственность,2,1,нет,1670,9,4,нет,радио/телевидение,0
40,23,0,2,3,замужем/живет раздельно/разведена,1,4,1,0,-1,1,недвижимость,аренда,2,1,нет,2406,30,4,нет,мебель/оборудование,0
41,33,1,2,2,женат/овдовел,1,2,0,0,-1,1,страхование жизни/сберегательный договор,аренда,0,2,банк,2235,20,4,поручитель,автомобиль (новый),0
42,66,1,3,4,никогда не состоял(а),1,4,1,1,2,1,недвижимость,собственность,1,1,нет,1908,30,4,нет,бизнес,0
43,42,1,2,2,никогда не состоял(а),1,4,1,0,1,1,неизвестно/нет собственности,бесплатно,2,1,нет,6288,60,4,нет,образование,0
44,26,0,3,0,замужем/живет раздельно/разведена,1,2,1,1,0,1,автомобиль,собственность,2,2,нет,10974,36,4,нет,мебель/оборудование,0
45,60,1,2,4,никогда не состоял(а),1,3,1,0,-1,1,страхование жизни/сберегательный договор,собственность,0,2,нет,2246,12,3,нет,мебель/оборудование,0
46,29,1,2,2,никогда не состоял(а),1,3,1,1,-1,1,страхование жизни/сберегательный договор,собственность,1,1,магазин,6887,36,4,нет,образование,0
47,46,1,2,3,никогда не состоял(а),2,4,1,0,-1,1,неизвестно/нет собственности,бесплатно,2,1,нет,3931,48,4,нет,автомобиль (новый),0
48,47,1,1,4,никогда не состоял(а),2,4,1,0,0,1,автомобиль,собственность,1,2,нет,2538,24,4,нет,автомобиль (новый),0
49,23,1,0,0,никогда не состоял(а),1,2,1,1,1,0,страхование жизни/сберегательный договор,собственность,2,1,нет,14555,6,1,нет,автомобиль (новый),0
50,39,1,2,2,никогда не состоял(а),1,4,1,1,2,0,неизвестно/нет собственности,бесплатно,0,2,нет,1271,15,3,нет,радио/телевидение,0
51,31,1,2,4,живет раздельно/разведен,1,4,1,1,1,1,недвижимость,собственность,0,2,нет,1935,24,4,нет,бизнес,0
52,24,1,1,3,никогда не состоял(а),1,4,1,0,-1,1,автомобиль,аренда,3,1,банк,1546,24,4,поручитель,радио/телевидение,0
53,36,1,2,4,никогда не состоял(а),2,4,1,1,1,1,автомобиль,собственность,0,1,банк,884,18,4,нет,автомобиль (новый),0
54,22,0,2,0,замужем/живет раздельно/разведена,1,4,1,0,0,1,недвижимость,аренда,2,1,нет,433,18,3,созаемщик,радио/телевидение,0
55,54,1,3,2,никогда не состоял(а),1,3,1,1,0,4,страхование жизни/сберегательный договор,собственность,2,3,нет,4591,24,2,нет,бизнес,0
56,42,1,3,4,никогда не состоял(а),1,4,1,1,1,2,автомобиль,собственность,1,4,нет,8086,36,2,нет,автомобиль (новый),0
57,28,1,3,0,женат/овдовел,1,2,1,0,1,1,автомобиль,собственность,0,2,нет,4249,30,4,нет,автомобиль (новый),0
58,24,1,2,3,никогда не состоял(а),1,1,1,1,-1,1,автомобиль,собственность,1,2,нет,2145,36,2,нет,бизнес,0
59,50,1,2,0,никогда не состоял(а),1,4,1,1,-1,1,страхование жизни/сберегательный договор,собственность,4,2,магазин,5293,27,2,нет,бизнес,0
60,59,0,2,4,замужем/живет раздельно/разведена,1,3,1,0,1,1,неизвестно/нет собственности,аренда,3,1,нет,6416,48,4,нет,бизнес,0
61,29,1,3,2,никогда не состоял(а),1,3,1,1,1,1,автомобиль,собственность,2,2,банк,11328,24,2,созаемщик,другое,0
62,24,0,2,1,замужем/живет раздельно/разведена,1,4,1,0,-1,1,страхование жизни/сберегательный договор,аренда,2,1,нет,1207,24,4,нет,автомобиль (новый),0
63,35,1,2,4,никогда не состоял(а),1,4,1,1,-1,1,неизвестно/нет собственности,бесплатно,2,1,нет,3386,12,3,нет,автомобиль (б/у),0
64,34,1,3,0,никогда не состоял(а),2,2,1,1,1,2,страхование жизни/сберегательный договор,собственность,3,1,нет,6850,15,1,нет,автомобиль (новый),0
65,38,0,3,0,замужем/живет раздельно/разведена,1,4,1,1,1,1,неизвестно/нет собственности,бесплатно,2,1,нет,12976,18,3,нет,автомобиль (б/у),0
66,24,1,2,2,женат/овдовел,1,2,1,0,1,2,автомобиль,собственность,2,1,нет,5595,72,2,нет,радио/телевидение,0
67,26,1,2,2,женат/овдовел,1,3,1,0,-1,1,недвижимость,собственность,2,1,банк,1345,18,4,нет,радио/телевидение,0
68,33,1,2,1,живет раздельно/разведен,1,1,1,0,2,1,автомобиль,аренда,0,1,нет,2319,21,2,нет,образование,0
69,21,0,2,2,замужем/живет раздельно/разведена,1,4,1,0,1,2,автомобиль,аренда,2,1,нет,3441,30,2,созаемщик,мебель/оборудование,0
70,27,1,3,3,никогда не состоял(а),1,2,1,1,1,1,неизвестно/нет собственности,собственность,2,1,нет,14027,60,4,нет,автомобиль (новый),0
71,31,1,2,3,никогда не состоял(а),1,2,1,0,0,1,страхование жизни/сберегательный договор,собственность,0,2,банк,2775,18,2,нет,автомобиль (новый),0
72,35,0,2,1,замужем/живет раздельно/разведена,1,4,1,1,-1,1,недвижимость,собственность,2,1,нет,2439,24,4,нет,радио/телевидение,0
73,22,0,2,3,замужем/живет раздельно/разведена,1,1,1,0,0,1,недвижимость,собственность,1,1,нет,1808,18,4,нет,мебель/оборудование,0
74,30,1,3,1,никогда не состоял(а),1,3,1,0,1,2,неизвестно/нет собственности,собственность,1,2,магазин,1919,30,4,нет,радио/телевидение,0
75,26,0,0,1,замужем/живет раздельно/разведена,1,1,1,0,2,1,недвижимость,собственность,3,1,нет,609,12,4,нет,бизнес,0
76,36,1,2,3,живет раздельно/разведен,1,3,1,0,-1,1,автомобиль,собственность,2,1,нет,1372,12,2,нет,автомобиль (новый),0
77,30,1,3,0,никогда не состоял(а),2,2,1,0,-1,1,автомобиль,собственность,2,1,магазин,1823,24,4,нет,радио/телевидение,0
78,24,0,2,1,замужем/живет раздельно/разведена,2,2,1,0,1,4,страхование жизни/сберегательный договор,аренда,3,1,банк,433,6,4,нет,образование,0
79,25,0,2,1,замужем/живет раздельно/разведена,1,3,1,0,1,1,страхование жизни/сберегательный договор,аренда,4,2,нет,2969,12,4,нет,мебель/оборудование,0
80,28,1,3,1,женат/овдовел,1,4,1,1,1,1,автомобиль,аренда,2,1,нет,9398,36,1,нет,автомобиль (б/у),0
81,31,1,2,4,никогда не состоял(а),1,4,1,0,-1,0,страхование жизни/сберегательный договор,собственность,2,1,нет,6350,30,4,нет,мебель/оборудование,0
82,23,0,2,1,замужем/живет раздельно/разведена,1,4,1,0,-1,1,страхование жизни/сберегательный договор,собственность,2,1,нет,448,6,4,нет,образование,0
83,38,1,2,2,живет раздельно/разведен,1,2,1,0,0,0,недвижимость,собственность,2,1,банк,3914,48,4,нет,бизнес,0
84,34,1,1,1,живет раздельно/разведен,1,1,1,1,-1,1,неизвестно/нет собственности,собственность,2,1,нет,11998,30,1,нет,ремонт,0
85,24,1,2,3,никогда не состоял(а),1,4,1,1,-1,1,автомобиль,собственность,0,2,нет,9629,36,4,нет,автомобиль (б/у),0
86,27,1,3,1,никогда не состоял(а),1,2,1,1,-1,1,неизвестно/нет собственности,бесплатно,2,1,нет,1422,9,3,нет,автомобиль (новый),0
87,47,1,2,2,никогда не состоял(а),2,4,1,1,1,2,неизвестно/нет собственности,бесплатно,2,1,нет,12612,36,1,нет,образование,0
88,28,0,1,2,замужем/живет раздельно/разведена,1,2,1,0,2,1,недвижимость,собственность,2,1,нет,745,9,3,нет,радио/телевидение,0
89,34,1,2,3,женат/овдовел,1,1,1,1,-1,1,недвижимость,собственность,2,2,нет,6999,48,1,поручитель,радио/телевидение,0
90,50,1,2,4,никогда не состоял(а),1,4,1,0,1,1,неизвестно/нет собственности,бесплатно,1,1,нет,6224,48,4,нет,образование,0
91,27,0,2,1,замужем/живет раздельно/разведена,1,4,1,0,1,2,автомобиль,аренда,2,4,банк,951,12,4,нет,мебель/оборудование,0
92,23,0,1,1,замужем/живет раздельно/разведена,1,2,1,0,1,2,страхование жизни/сберегательный договор,собственность,2,1,банк,836,12,4,нет,автомобиль (новый),0
93,27,1,1,2,никогда не состоял(а),1,4,1,0,0,0,страхование жизни/сберегательный договор,собственность,2,1,нет,1309,10,4,поручитель,автомобиль (новый),0
94,32,0,1,1,замужем/живет раздельно/разведена,1,1,1,0,1,2,страхование жизни/сберегательный договор,собственность,3,1,магазин,931,6,1,нет,автомобиль (новый),0
95,30,1,3,4,никогда не состоял(а),1,4,1,1,0,0,неизвестно/нет собственности,бесплатно,0,1,нет,12680,21,4,нет,автомобиль (новый),0
96,66,1,1,2,никогда не состоял(а),1,3,1,0,1,3,недвижимость,собственность,2,1,нет,766,12,4,нет,радио/телевидение,0
97,34,1,1,3,никогда не состоял(а),2,4,1,0,1,2,неизвестно/нет собственности,бесплатно,4,1,нет,3844,48,4,нет,бизнес,0
98,24,0,2,2,замужем/живет раздельно/разведена,1,4,1,0,1,1,недвижимость,собственность,2,1,нет,1237,8,3,нет,мебель/оборудование,0
99,27,1,2,2,никогда не состоял(а),1,3,1,1,-1,1,неизвестно/нет собственности,собственность,0,1,банк,5998,40,4,нет,образование,0
100,29,0,0,0,замужем/живет раздельно/разведена,1,4,1,0,-1,1,неизвестно/нет собственности,аренда,3,2,нет,1193,24,1,созаемщик,автомобиль (новый),0
101,31,1,1,1,живет раздельно/разведен,1,4,1,0,-1,1,страхование жизни/сберегательный договор,собственность,2,1,нет,3108,30,2,нет,мебель/оборудование,0
102,60,0,3,4,замужем/живет раздельно/разведена,1,4,1,1,1,2,неизвестно/нет собственности,бесплатно,3,2,банк,14782,60,3,нет,другое,0
103,26,0,2,2,замужем/живет раздельно/разведена,1,2,1,0,0,3,страхование жизни/сберегательный договор,собственность,2,1,нет,1386,12,2,нет,автомобиль (новый),0
104,28,1,1,2,никогда не состоял(а),1,3,1,0,-1,1,автомобиль,собственность,2,1,нет,654,9,4,нет,автомобиль (новый),0
105,36,1,2,2,никогда не состоял(а),2,2,1,1,1,1,автомобиль,собственность,2,1,нет,3915,27,4,нет,бизнес,0
106,30,0,2,2,замужем/живет раздельно/разведена,1,2,1,0,0,2,недвижимость,собственность,0,2,нет,1864,18,4,нет,образование,0
107,26,1,2,1,никогда не состоял(а),1,1,1,0,-1,1,страхование жизни/сберегательный договор,собственность,1,2,нет,3414,21,2,нет,образование,0
108,29,0,1,1,замужем/живет раздельно/разведена,1,2,1,1,-1,1,автомобиль,аренда,1,1,нет,1659,24,4,нет,радио/телевидение,0
109,33,0,2,0,замужем/живет раздельно/разведена,1,2,1,0,-1,1,автомобиль,собственность,2,1,нет,1131,18,4,нет,мебель/оборудование,0
110,21,1,2,3,женат/овдовел,1,4,1,0,-1,1,страхование жизни/сберегательный договор,аренда,2,1,нет,902,12,4,нет,переподготовка,0
111,25,0,2,2,замужем/живет раздельно/разведена,1,4,1,0,-1,1,автомобиль,аренда,2,2,банк,1882,18,4,нет,радио/телевидение,0
112,34,0,1,3,замужем/живет раздельно/разведена,1,4,1,0,1,1,неизвестно/нет собственности,бесплатно,3,1,банк,1837,24,4,нет,образование,0
113,28,1,2,1,живет раздельно/разведен,1,1,1,0,0,1,автомобиль,собственность,1,2,нет,9572,36,1,нет,бизнес,0
114,34,0,3,4,замужем/живет раздельно/разведена,1,3,1,1,1,1,автомобиль,собственность,0,2,нет,1501,9,2,нет,образование,0
115,30,0,2,2,замужем/живет раздельно/разведена,1,1,1,0,1,1,страхование жизни/сберегательный договор,собственность,2,1,нет,918,9,4,нет,мебель/оборудование,0
116,25,0,2,2,замужем/живет раздельно/разведена,1,2,1,1,0,1,недвижимость,собственность,0,2,магазин,7855,36,4,нет,автомобиль (новый),0
117,58,1,2,1,никогда не состоял(а),1,4,1,1,1,1,неизвестно/нет собственности,аренда,4,1,нет,15945,54,3,нет,бизнес,0
118,24,0,1,2,замужем/живет раздельно/разведена,1,2,1,0,-1,1,недвижимость,собственность,2,1,нет,1228,12,4,нет,автомобиль (новый),0
119,68,1,2,2,никогда не состоял(а),1,4,1,0,0,0,автомобиль,аренда,2,2,нет,6761,18,2,нет,автомобиль (новый),0
120,20,0,1,2,замужем/живет раздельно/разведена,1,4,1,1,1,1,страхование жизни/сберегательный договор,аренда,2,1,нет,2718,24,3,нет,автомобиль (новый),0
121,24,0,2,2,замужем/живет раздельно/разведена,1,2,1,0,1,1,неизвестно/нет собственности,собственность,2,1,банк,2150,30,4,поручитель,автомобиль (новый),0
122,33,0,2,2,замужем/живет раздельно/разведена,1,2,1,0,1,0,страхование жизни/сберегательный договор,собственность,2,1,нет,1042,18,4,нет,автомобиль (новый),0
123,40,1,1,2,никогда не состоял(а),2,2,1,0,-1,0,страхование жизни/сберегательный договор,собственность,3,2,нет,1647,21,4,нет,автомобиль (новый),0
124,53,0,2,1,замужем/живет раздельно/разведена,1,4,1,0,-1,1,страхование жизни/сберегательный договор,собственность,2,1,нет,795,12,4,нет,образование,0
125,22,0,2,2,замужем/живет раздельно/разведена,1,2,1,0,1,1,недвижимость,собственность,2,1,нет,5951,48,2,нет,радио/телевидение,0
126,41,1,2,4,никогда не состоял(а),2,2,1,0,-1,1,страхование жизни/сберегательный договор,собственность,2,1,банк,2712,36,2,нет,мебель/оборудование,0
127,37,1,1,3,никогда не состоял(а),2,2,1,0,2,0,недвижимость,собственность,0,2,банк,1344,24,4,нет,автомобиль (новый),0
128,20,0,2,2,замужем/живет раздельно/разведена,1,4,1,0,-1,1,недвижимость,аренда,2,1,банк,2039,18,1,нет,мебель/оборудование,0
129,46,1,2,4,живет раздельно/разведен,1,1,1,0,1,1,недвижимость,аренда,2,2,нет,1223,12,1,нет,автомобиль (новый),0
130,52,1,3,0,никогда не состоял(а),1,1,1,1,1,0,неизвестно/нет собственности,собственность,2,1,нет,6468,12,2,нет,радио/телевидение,0
131,29,1,3,1,никогда не состоял(а),1,1,1,1,1,2,неизвестно/нет собственности,аренда,2,1,нет,9034,36,4,созаемщик,мебель/оборудование,0
132,23,0,2,1,замужем/живет раздельно/разведена,1,4,1,1,0,1,страхование жизни/сберегательный договор,аренда,0,2,нет,7127,36,2,нет,мебель/оборудование,0
133,32,0,2,1,замужем/живет раздельно/разведена,1,4,1,0,0,1,страхование жизни/сберегательный договор,собственность,2,1,нет,4611,6,1,нет,мебель/оборудование,0
134,32,0,3,2,замужем/живет раздельно/разведена,1,2,0,1,1,1,страхование жизни/сберегательный договор,собственность,4,1,банк,18424,48,1,нет,другое,0
135,23,1,2,4,никогда не состоял(а),2,4,1,0,-1,1,неизвестно/нет собственности,аренда,4,2,банк,4110,24,3,нет,мебель/оборудование,0
136,22,1,2,1,женат/овдовел,1,2,1,1,1,2,автомобиль,аренда,2,1,нет,3092,24,3,нет,радио/телевидение,0
137,38,1,2,1,никогда не состоял(а),2,4,1,0,1,2,неизвестно/нет собственности,собственность,0,2,банк,1216,24,4,нет,радио/телевидение,0
138,34,1,2,1,никогда не состоял(а),1,3,1,0,-1,1,автомобиль,собственность,2,1,нет,3965,42,4,нет,радио/телевидение,0
139,44,1,2,2,никогда не состоял(а),1,3,1,0,-1,1,автомобиль,собственность,3,1,банк,1553,18,4,нет,мебель/оборудование,0
140,31,0,2,2,замужем/живет раздельно/разведена,1,2,1,1,-1,1,автомобиль,собственность,2,1,нет,6758,48,3,нет,радио/телевидение,0
141,25,0,3,2,замужем/живет раздельно/разведена,1,2,1,1,-1,1,неизвестно/нет собственности,собственность,0,2,нет,8065,36,3,нет,образование,0
142,40,1,3,2,никогда не состоял(а),1,2,1,1,0,2,страхование жизни/сберегательный договор,собственность,2,1,нет,4623,15,3,нет,образование,0
143,28,1,2,3,женат/овдовел,1,2,1,1,2,3,недвижимость,собственность,0,3,нет,939,12,4,нет,автомобиль (новый),0
144,27,1,2,1,живет раздельно/разведен,1,4,1,0,1,1,автомобиль,собственность,0,2,нет,2820,36,4,нет,автомобиль (новый),0
145,26,1,2,2,никогда не состоял(а),1,2,1,0,2,1,автомобиль,собственность,2,1,нет,4210,36,4,нет,радио/телевидение,0
146,57,1,2,4,никогда не состоял(а),1,4,1,1,1,1,неизвестно/нет собственности,бесплатно,1,2,банк,2225,36,4,нет,автомобиль (новый),0
147,26,0,1,2,замужем/живет раздельно/разведена,1,4,1,0,1,2,автомобиль,аренда,4,2,нет,4280,30,4,нет,бизнес,0
148,24,1,2,4,никогда не состоял(а),2,4,1,0,-1,1,неизвестно/нет собственности,бесплатно,4,2,нет,4605,48,3,нет,автомобиль (б/у),0
149,30,0,3,3,замужем/живет раздельно/разведена,1,3,1,1,-1,0,автомобиль,собственность,2,1,нет,7174,42,4,нет,радио/телевидение,0
150,37,1,2,4,никогда не состоял(а),2,3,1,0,1,1,автомобиль,собственность,2,1,нет,802,15,4,нет,радио/телевидение,0
151,30,1,2,4,никогда не состоял(а),1,3,1,0,1,1,недвижимость,собственность,0,2,банк,1056,18,3,поручитель,автомобиль (новый),0
152,31,1,2,3,никогда не состоял(а),1,3,1,1,-1,1,страхование жизни/сберегательный договор,собственность,2,1,нет,4817,24,2,созаемщик,автомобиль (новый),0
153,29,1,2,3,никогда не состоял(а),1,2,1,0,-1,1,страхование жизни/сберегательный договор,собственность,2,1,нет,5179,36,4,нет,мебель/оборудование,0
154,22,0,2,0,замужем/живет раздельно/разведена,1,3,1,0,-1,2,страхование жизни/сберегательный договор,собственность,2,1,нет,741,12,4,нет,бытовая техника,0
155,34,0,3,0,замужем/живет раздельно/разведена,1,2,1,1,1,1,страхование жизни/сберегательный договор,собственность,1,1,нет,2064,24,3,нет,мебель/оборудование,0
156,44,0,2,1,замужем/живет раздельно/разведена,1,1,1,1,0,0,автомобиль,собственность,2,2,нет,5943,24,1,нет,радио/телевидение,0
157,31,1,2,4,никогда не состоял(а),1,4,1,0,-1,1,автомобиль,собственность,3,1,банк,2746,36,4,нет,мебель/оборудование,0
158,27,1,2,3,никогда не состоял(а),1,4,1,0,-1,1,автомобиль,собственность,3,1,банк,3552,24,3,нет,мебель/оборудование,0
159,40,1,3,4,никогда не состоял(а),1,3,1,1,-1,0,автомобиль,собственность,3,1,магазин,1358,24,4,нет,другое,0
160,49,1,2,3,никогда не состоял(а),1,2,1,0,1,1,страхование жизни/сберегательный договор,собственность,0,1,нет,8386,30,2,нет,мебель/оборудование,0
161,23,1,2,2,женат/овдовел,1,2,1,0,-1,0,автомобиль,собственность,2,1,нет,900,12,4,нет,автомобиль (новый),0
162,47,1,1,2,женат/овдовел,1,3,1,1,-1,1,недвижимость,собственность,2,1,нет,1217,18,4,нет,бытовая техника,0
163,46,1,2,4,никогда не состоял(а),1,4,1,1,-1,1,неизвестно/нет собственности,бесплатно,0,2,нет,6331,48,4,нет,автомобиль (б/у),0
164,26,0,2,1,замужем/живет раздельно/разведена,1,2,1,1,1,1,автомобиль,собственность,2,1,нет,9960,48,1,нет,мебель/оборудование,0
165,23,0,1,1,замужем/живет раздельно/разведена,1,2,1,0,-1,1,автомобиль,собственность,2,1,нет,976,18,1,нет,автомобиль (новый),0
166,41,1,1,1,никогда не состоял(а),2,2,1,0,0,3,недвижимость,собственность,1,1,банк,2580,21,4,нет,бизнес,0
167,29,0,2,2,замужем/живет раздельно/разведена,1,2,0,0,1,1,автомобиль,собственность,2,1,нет,959,9,1,нет,мебель/оборудование,0
168,30,1,2,2,никогда не состоял(а),1,2,1,0,1,1,автомобиль,собственность,2,1,нет,639,12,4,нет,ремонт,0
169,20,1,2,2,женат/овдовел,1,4,1,0,-1,0,автомобиль,собственность,2,1,нет,2996,24,2,нет,мебель/оборудование,0
170,29,1,2,2,живет раздельно/разведен,1,1,1,0,-1,1,неизвестно/нет собственности,бесплатно,3,1,нет,2149,12,4,нет,радио/телевидение,0
171,61,1,1,4,живет раздельно/разведен,1,2,1,0,1,2,автомобиль,аренда,2,2,банк,2767,21,4,нет,бизнес,0
172,23,0,2,2,замужем/живет раздельно/разведена,1,4,1,0,-1,3,автомобиль,собственность,0,2,нет,4281,33,1,нет,мебель/оборудование,0
173,27,0,0,0,замужем/живет раздельно/разведена,1,1,1,0,-1,1,недвижимость,собственность,2,1,нет,750,18,4,нет,образование,0
174,25,0,1,1,замужем/живет раздельно/разведена,1,4,1,1,1,1,автомобиль,собственность,2,1,нет,1355,24,3,нет,автомобиль (новый),0
175,24,0,2,2,замужем/живет раздельно/разведена,1,4,1,0,-1,1,недвижимость,аренда,0,2,нет,2124,18,4,нет,мебель/оборудование,0
176,63,1,2,4,никогда не состоял(а),1,4,1,1,-1,1,неизвестно/нет собственности,собственность,1,2,нет,6836,60,3,нет,бизнес,0
177,31,1,2,2,живет раздельно/разведен,1,4,1,0,-1,1,автомобиль,аренда,2,1,нет,2302,36,4,нет,радио/телевидение,0
178,32,0,1,2,замужем/живет раздельно/разведена,1,2,1,0,-1,2,автомобиль,собственность,2,1,нет,1282,24,4,нет,радио/телевидение,0
179,39,1,3,4,никогда не состоял(а),2,4,1,1,0,1,неизвестно/нет собственности,собственность,3,2,банк,6458,18,2,нет,автомобиль (новый),0
180,53,0,3,0,замужем/живет раздельно/разведена,1,1,1,1,0,0,недвижимость,собственность,3,1,банк,7485,30,4,нет,автомобиль (б/у),0
181,32,0,2,3,замужем/живет раздельно/разведена,1,4,1,0,-1,0,неизвестно/нет собственности,аренда,2,1,нет,1285,24,4,нет,автомобиль (новый),0
182,42,1,2,2,никогда не состоял(а),1,3,1,0,-1,1,автомобиль,собственность,2,1,нет,4153,18,2,созаемщик,мебель/оборудование,0
183,55,0,0,0,замужем/живет раздельно/разведена,2,4,1,0,-1,1,неизвестно/нет собственности,бесплатно,0,3,нет,1190,18,2,нет,ремонт,0
184,29,0,2,2,замужем/живет раздельно/разведена,1,2,1,1,-1,1,страхование жизни/сберегательный договор,собственность,2,1,нет,3959,15,3,нет,автомобиль (новый),0
185,43,1,2,0,никогда не состоял(а),2,2,1,0,-1,1,недвижимость,бесплатно,1,2,нет,1333,24,4,нет,автомобиль (новый),0
186,25,1,0,0,никогда не состоял(а),1,1,1,0,-1,1,автомобиль,собственность,2,1,нет,2473,18,4,нет,мебель/оборудование,0
187,39,0,2,4,замужем/живет раздельно/разведена,2,4,1,0,1,1,страхование жизни/сберегательный договор,собственность,2,1,нет,1188,21,2,нет,бизнес,0
188,46,1,2,1,никогда не состоял(а),1,2,1,1,-1,1,автомобиль,собственность,3,2,банк,697,12,4,нет,автомобиль (новый),0
189,29,0,1,2,замужем/живет раздельно/разведена,1,4,1,0,0,3,автомобиль,аренда,2,1,нет,1123,12,4,нет,мебель/оборудование,0
190,27,1,2,3,никогда не состоял(а),1,2,1,1,1,4,неизвестно/нет собственности,собственность,2,2,банк,10961,48,1,созаемщик,радио/телевидение,0
191,25,1,2,3,никогда не состоял(а),1,2,1,0,1,1,недвижимость,собственность,0,2,нет,4933,39,2,поручитель,радио/телевидение,0
192,27,0,2,1,замужем/живет раздельно/разведена,1,3,1,0,1,0,недвижимость,аренда,2,1,нет,1924,18,4,нет,мебель/оборудование,0
193,32,1,2,4,никогда не состоял(а),2,3,1,0,1,4,неизвестно/нет собственности,бесплатно,0,2,нет,1136,9,4,нет,образование,0
194,53,1,3,4,никогда не состоял(а),1,4,1,1,-1,1,неизвестно/нет собственности,бесплатно,2,1,нет,7865,12,4,нет,мебель/оборудование,0
195,23,1,2,2,никогда не состоял(а),1,2,1,1,1,1,автомобиль,собственность,2,1,нет,15672,48,2,нет,бизнес,0
196,43,1,2,4,никогда не состоял(а),1,4,1,1,-1,1,страхование жизни/сберегательный договор,аренда,0,1,банк,2625,16,2,поручитель,автомобиль (новый),0
197,23,0,3,2,замужем/живет раздельно/разведена,1,4,1,0,1,1,автомобиль,аренда,2,2,нет,11560,24,1,нет,автомобиль (б/у),0
198,55,1,2,1,живет раздельно/разведен,1,1,1,1,-1,1,страхование жизни/сберегательный договор,собственность,3,1,банк,6872,24,2,нет,мебель/оборудование,0
199,21,1,1,2,никогда не состоял(а),2,4,1,0,-1,1,недвижимость,аренда,2,1,нет,1987,24,2,нет,радио/телевидение,0
200,26,1,3,2,никогда не состоял(а),1,2,1,1,0,1,автомобиль,собственность,1,2,нет,4463,36,4,нет,радио/телевидение,0
201,22,0,2,1,замужем/живет раздельно/разведена,1,4,1,0,-1,1,страхование жизни/сберегательный договор,аренда,2,1,нет,1366,9,3,нет,радио/телевидение,0
202,25,0,2,2,замужем/живет раздельно/разведена,1,2,1,1,-1,1,недвижимость,собственность,2,2,нет,1835,21,3,нет,радио/телевидение,0
203,30,0,3,2,замужем/живет раздельно/разведена,1,3,1,1,1,1,автомобиль,собственность,0,1,нет,5096,48,2,нет,мебель/оборудование,0
204,61,1,2,2,женат/овдовел,1,3,1,0,1,4,страхование жизни/сберегательный договор,собственность,1,2,магазин,1512,15,3,нет,ремонт,0
205,45,1,3,4,живет раздельно/разведен,1,4,0,1,-1,1,страхование жизни/сберегательный договор,собственность,2,1,нет,8978,14,1,нет,автомобиль (новый),0
206,24,0,2,2,замужем/живет раздельно/разведена,1,2,1,0,-1,1,недвижимость,собственность,2,1,нет,3190,18,2,нет,радио/телевидение,0
207,30,1,3,2,живет раздельно/разведен,1,2,1,1,1,1,недвижимость,собственность,1,2,магазин,4455,36,2,нет,бизнес,0
208,68,1,3,4,никогда не состоял(а),1,4,1,1,-1,1,неизвестно/нет собственности,собственность,2,1,банк,14896,6,1,нет,автомобиль (новый),0
209,21,1,2,2,никогда не состоял(а),1,4,1,0,1,2,страхование жизни/сберегательный договор,аренда,2,1,нет,3031,45,4,поручитель,радио/телевидение,0
210,28,1,2,3,никогда не состоял(а),1,4,1,0,1,1,недвижимость,собственность,2,2,нет,3060,48,4,нет,радио/телевидение,0
211,36,1,1,2,никогда не состоял(а),1,4,1,1,1,1,недвижимость,собственность,4,3,нет,4241,24,1,нет,бизнес,0
212,35,1,2,4,никогда не состоял(а),1,2,1,1,0,3,автомобиль,собственность,2,2,банк,2397,24,3,нет,радио/телевидение,0
213,37,0,1,1,замужем/живет раздельно/разведена,1,1,1,0,-1,1,недвижимость,собственность,2,1,нет,1274,12,3,нет,автомобиль (новый),0
214,31,1,2,2,никогда не состоял(а),1,2,1,1,-1,1,страхование жизни/сберегательный договор,аренда,3,1,нет,3161,24,4,нет,бизнес,0
215,33,1,2,4,никогда не состоял(а),2,3,1,0,-1,1,автомобиль,аренда,4,2,нет,950,15,4,нет,автомобиль (новый),0
216,28,0,2,1,замужем/живет раздельно/разведена,1,3,1,0,1,2,автомобиль,собственность,4,2,нет,2278,18,3,нет,автомобиль (новый),0
217,45,1,2,4,никогда не состоял(а),1,1,1,0,-1,1,недвижимость,собственность,2,1,нет,2303,24,4,созаемщик,автомобиль (новый),0
218,37,1,2,2,никогда не состоял(а),1,4,1,1,0,1,неизвестно/нет собственности,бесплатно,2,1,магазин,1819,36,4,нет,образование,0
219,34,1,1,2,никогда не состоял(а),2,1,1,0,2,1,недвижимость,собственность,2,1,нет,2864,18,2,нет,мебель/оборудование,0
220,24,1,2,3,никогда не состоял(а),1,2,1,0,1,2,страхование жизни/сберегательный договор,собственность,2,1,нет,6560,48,3,нет,автомобиль (новый),0
221,39,1,3,2,никогда не состоял(а),2,3,1,1,1,1,автомобиль,собственность,0,2,нет,11938,24,2,созаемщик,другое,0
222,55,1,2,4,никогда не состоял(а),2,4,1,0,0,4,неизвестно/нет собственности,бесплатно,1,2,нет,1555,12,4,нет,ремонт,0
223,23,0,2,1,замужем/живет раздельно/разведена,1,4,1,0,0,1,недвижимость,собственность,2,1,нет,1943,18,4,нет,ремонт,0
224,35,0,2,4,замужем/живет раздельно/разведена,1,4,1,0,-1,1,неизвестно/нет собственности,бесплатно,3,1,нет,1198,6,4,нет,образование,0
225,22,1,2,3,никогда не состоял(а),1,2,1,0,0,1,автомобиль,собственность,2,1,нет,1478,9,4,нет,радио/телевидение,0
226,43,1,2,3,живет раздельно/разведен,1,3,1,1,1,1,автомобиль,собственность,2,1,нет,4057,24,3,нет,мебель/оборудование,0
227,42,1,3,0,никогда не состоял(а),1,2,1,1,0,1,автомобиль,собственность,0,2,магазин,2292,12,4,нет,бизнес,0
228,25,1,2,2,никогда не состоял(а),1,2,1,1,1,1,автомобиль,собственность,4,1,нет,14421,48,2,нет,бизнес,0
229,22,1,2,1,женат/овдовел,1,1,1,1,1,1,страхование жизни/сберегательный договор,собственность,2,1,нет,2039,24,1,нет,радио/телевидение,0
230,27,1,2,1,никогда не состоял(а),1,2,1,1,0,1,автомобиль,собственность,1,2,банк,8648,24,2,нет,бизнес,0
231,25,1,1,3,женат/овдовел,1,3,1,0,1,1,автомобиль,собственность,2,1,банк,685,12,2,нет,автомобиль (новый),0
232,23,0,1,1,замужем/живет раздельно/разведена,1,4,1,1,-1,1,неизвестно/нет собственности,аренда,0,2,нет,6229,36,4,созаемщик,мебель/оборудование,0
233,60,1,1,4,никогда не состоял(а),1,4,1,0,-1,1,автомобиль,собственность,0,2,нет,1199,24,4,нет,автомобиль (новый),0
234,29,0,2,2,замужем/живет раздельно/разведена,1,4,1,1,0,0,страхование жизни/сберегательный договор,собственность,4,2,банк,5003,21,1,нет,автомобиль (новый),0
235,32,1,2,1,живет раздельно/разведен,1,3,1,0,-1,1,страхование жизни/сберегательный договор,собственность,2,1,нет,1938,24,4,нет,радио/телевидение,0
236,26,1,2,2,никогда не состоял(а),2,2,1,0,-1,1,страхование жизни/сберегательный договор,собственность,2,1,нет,8229,36,2,нет,автомобиль (б/у),0
237,42,1,2,4,никогда не состоял(а),2,2,1,0,-1,1,автомобиль,собственность,2,1,нет,3446,36,4,нет,мебель/оборудование,0
238,24,1,2,3,никогда не состоял(а),1,1,1,1,-1,1,автомобиль,собственность,2,1,нет,9271,36,2,нет,автомобиль (новый),0
239,28,1,2,2,женат/овдовел,1,2,1,1,0,1,автомобиль,собственность,1,1,нет,2169,18,4,нет,бизнес,0
240,37,0,2,3,замужем/живет раздельно/разведена,1,4,1,0,-1,1,автомобиль,аренда,3,1,нет,7685,48,2,поручитель,бизнес,0
241,28,1,2,3,никогда не состоял(а),1,3,1,0,-1,1,недвижимость,собственность,4,2,нет,1108,12,4,нет,ремонт,0
242,43,1,1,1,женат/овдовел,2,1,1,0,0,1,страхование жизни/сберегательный договор,собственность,2,1,нет,1533,18,4,созаемщик,мебель/оборудование,0
243,42,0,3,4,замужем/живет раздельно/разведена,1,4,1,1,1,1,неизвестно/нет собственности,бесплатно,4,2,нет,8318,27,2,нет,бизнес,0
244,20,0,2,2,замужем/живет раздельно/разведена,1,4,1,0,-1,1,автомобиль,аренда,2,1,нет,1282,12,2,нет,мебель/оборудование,0
245,39,1,2,3,никогда не состоял(а),2,4,1,1,-1,1,неизвестно/нет собственности,бесплатно,2,3,магазин,10297,48,4,нет,автомобиль (б/у),0
246,23,0,1,1,замужем/живет раздельно/разведена,1,4,1,1,-1,1,недвижимость,аренда,2,1,нет,3234,24,4,нет,мебель/оборудование,0
247,42,0,2,2,замужем/живет раздельно/разведена,1,1,1,1,1,1,автомобиль,собственность,4,1,нет,3804,36,4,нет,радио/телевидение,0
248,38,1,2,3,никогда не состоял(а),2,3,1,0,2,1,неизвестно/нет собственности,бесплатно,2,1,банк,947,24,4,нет,автомобиль (новый),0
249,19,0,2,1,замужем/живет раздельно/разведена,1,2,1,0,0,1,автомобиль,аренда,2,2,нет,1980,9,2,созаемщик,мебель/оборудование,0
250,41,1,1,4,никогда не состоял(а),2,4,1,0,1,1,автомобиль,собственность,2,1,банк,888,12,4,нет,автомобиль (новый),0
251,50,0,2,2,замужем/живет раздельно/разведена,1,4,1,0,1,2,неизвестно/нет собственности,бесплатно,2,1,нет,2671,36,4,созаемщик,радио/телевидение,0
252,33,1,1,1,никогда не состоял(а),1,1,1,0,1,1,неизвестно/нет собственности,аренда,2,1,нет,2384,36,4,нет,ремонт,0
253,23,0,2,3,замужем/живет раздельно/разведена,1,4,1,0,-1,1,автомобиль,аренда,2,2,нет,1442,24,4,нет,автомобиль (новый),0
254,31,1,1,1,никогда не состоял(а),1,2,1,0,1,1,недвижимость,собственность,0,2,нет,1928,18,2,нет,мебель/оборудование,0
255,35,1,2,4,никогда не состоял(а),1,3,1,0,-1,1,страхование жизни/сберегательный договор,собственность,0,2,нет,691,12,4,нет,автомобиль (новый),0
256,44,0,3,4,замужем/живет раздельно/разведена,1,2,1,1,1,1,неизвестно/нет собственности,бесплатно,2,1,нет,12579,24,4,нет,автомобиль (б/у),0
257,47,1,2,4,никогда не состоял(а),1,4,1,0,-1,0,неизвестно/нет собственности,бесплатно,2,1,нет,8335,36,3,нет,автомобиль (б/у),0
258,23,1,1,1,никогда не состоял(а),1,2,1,0,1,1,недвижимость,собственность,2,1,магазин,1246,24,4,нет,автомобиль (новый),0
259,23,1,2,2,никогда не состоял(а),1,4,1,1,-1,1,неизвестно/нет собственности,бесплатно,2,1,нет,1845,45,4,нет,радио/телевидение,0
260,25,1,2,2,женат/овдовел,1,2,1,0,1,2,страхование жизни/сберегательный договор,аренда,3,1,нет,1264,15,2,нет,автомобиль (новый),0
261,65,1,2,2,никогда не состоял(а),1,4,1,0,-1,1,неизвестно/нет собственности,бесплатно,2,2,нет,2600,18,4,нет,радио/телевидение,0
262,28,0,2,1,замужем/живет раздельно/разведена,1,4,1,0,1,3,автомобиль,аренда,2,1,нет,4113,24,3,нет,автомобиль (б/у),0
263,33,1,2,0,живет раздельно/разведен,1,1,1,0,-1,2,страхование жизни/сберегательный договор,собственность,2,1,нет,2359,24,1,нет,мебель/оборудование,0
264,53,1,2,2,никогда не состоял(а),2,4,1,0,-1,1,неизвестно/нет собственности,бесплатно,4,2,нет,7119,48,3,нет,мебель/оборудование,0
265,41,1,1,4,никогда не состоял(а),2,4,1,0,0,1,автомобиль,собственность,2,1,банк,719,12,4,нет,образование,0
266,53,1,2,2,никогда не состоял(а),2,4,1,0,-1,1,неизвестно/нет собственности,бесплатно,1,2,нет,4870,24,3,нет,автомобиль (новый),0
267,51,1,2,4,никогда не состоял(а),2,4,1,1,-1,0,страхование жизни/сберегательный договор,бесплатно,2,1,нет,7511,18,1,нет,автомобиль (б/у),0
268,22,1,2,1,никогда не состоял(а),1,1,1,0,1,1,автомобиль,собственность,2,1,магазин,1331,12,2,нет,радио/телевидение,0
269,29,1,2,3,никогда не состоял(а),1,3,1,0,1,2,неизвестно/нет собственности,собственность,3,1,нет,1437,9,2,нет,автомобиль (новый),0
270,22,1,2,2,никогда не состоял(а),1,2,1,0,-1,1,автомобиль,собственность,2,1,нет,2462,18,2,нет,мебель/оборудование,0
271,43,1,2,4,никогда не состоял(а),1,4,1,1,-1,1,страхование жизни/сберегательный договор,аренда,0,2,нет,4843,12,3,созаемщик,автомобиль (новый),0
272,28,0,2,2,замужем/живет раздельно/разведена,1,4,1,1,1,2,автомобиль,аренда,2,2,нет,2631,15,2,нет,автомобиль (новый),0
273,23,1,2,1,женат/овдовел,1,1,1,0,1,1,недвижимость,аренда,2,1,нет,1534,12,1,нет,радио/телевидение,0
274,36,1,2,4,никогда не состоял(а),1,4,1,0,-1,1,неизвестно/нет собственности,аренда,2,1,нет,7297,60,4,созаемщик,бизнес,0
275,34,0,2,1,замужем/живет раздельно/разведена,1,4,1,1,-1,1,автомобиль,собственность,2,1,нет,1842,36,4,нет,автомобиль (новый),0
276,37,1,1,2,никогда не состоял(а),1,2,1,0,1,1,страхование жизни/сберегательный договор,собственность,2,1,нет,1922,12,4,нет,мебель/оборудование,0
277,24,0,2,2,замужем/живет раздельно/разведена,1,2,1,0,-1,0,автомобиль,аренда,2,1,нет,1275,15,4,нет,бытовая техника,0
278,33,0,1,4,замужем/живет раздельно/разведена,2,3,1,0,0,0,страхование жизни/сберегательный договор,собственность,0,1,банк,797,12,4,нет,радио/телевидение,0
279,25,1,2,2,женат/овдовел,1,1,1,1,1,0,недвижимость,собственность,2,1,нет,1484,12,2,нет,радио/телевидение,0
280,30,1,2,1,никогда не состоял(а),2,4,1,1,-1,3,неизвестно/нет собственности,бесплатно,3,1,нет,3349,24,4,нет,мебель/оборудование,0
281,20,1,2,3,женат/овдовел,1,1,1,0,-1,2,страхование жизни/сберегательный договор,собственность,2,1,нет,674,12,4,нет,радио/телевидение,0
282,47,1,3,0,никогда не состоял(а),1,4,1,1,1,1,страхование жизни/сберегательный договор,собственность,1,1,нет,1209,6,4,нет,автомобиль (новый),0
283,33,1,2,2,женат/овдовел,1,2,1,0,1,1,автомобиль,собственность,0,1,нет,1245,18,4,нет,радио/телевидение,0
284,29,0,2,4,замужем/живет раздельно/разведена,1,2,1,0,-1,0,автомобиль,собственность,2,1,банк,915,24,4,нет,автомобиль (новый),0
285,25,1,1,2,никогда не состоял(а),1,2,1,0,0,1,недвижимость,аренда,2,1,банк,2210,10,2,нет,мебель/оборудование,0
286,33,0,2,4,замужем/живет раздельно/разведена,1,4,1,1,-1,1,недвижимость,аренда,0,3,банк,3966,18,1,нет,автомобиль (новый),0
287,24,0,2,1,замужем/живет раздельно/разведена,1,4,1,0,-1,1,страхование жизни/сберегательный договор,аренда,2,1,нет,4308,48,3,нет,бизнес,0
288,21,0,2,2,замужем/живет раздельно/разведена,1,3,1,0,0,1,недвижимость,аренда,2,1,нет,2570,27,3,нет,автомобиль (новый),0
289,40,1,3,4,никогда не состоял(а),1,4,1,1,-1,0,неизвестно/нет собственности,собственность,2,1,нет,1977,36,4,нет,образование,0
290,26,0,0,1,замужем/живет раздельно/разведена,1,1,1,0,1,1,недвижимость,аренда,4,2,нет,1778,15,2,нет,автомобиль (новый),0
291,26,1,2,3,никогда не состоял(а),2,2,1,1,-1,1,страхование жизни/сберегательный договор,собственность,1,2,банк,4370,42,3,нет,радио/телевидение,0
292,28,0,3,2,замужем/живет раздельно/разведена,1,2,1,1,0,1,автомобиль,собственность,2,1,нет,3349,36,4,нет,мебель/оборудование,0
293,54,1,2,2,никогда не состоял(а),1,4,1,0,-1,1,автомобиль,собственность,2,1,нет,3051,48,3,нет,бытовая техника,0
294,24,0,1,2,замужем/живет раздельно/разведена,1,4,1,0,0,2,автомобиль,аренда,0,2,банк,11590,48,2,нет,автомобиль (б/у),0
295,48,0,1,4,замужем/живет раздельно/разведена,2,4,1,0,2,2,неизвестно/нет собственности,бесплатно,2,1,нет,1240,10,1,нет,автомобиль (новый),0
296,33,1,1,1,женат/овдовел,1,3,1,1,-1,2,неизвестно/нет собственности,собственность,2,1,нет,727,12,4,нет,радио/телевидение,0
297,25,0,1,1,замужем/живет раздельно/разведена,1,3,1,0,2,1,недвижимость,собственность,2,1,нет,2327,15,2,нет,радио/телевидение,0
298,25,1,1,1,никогда не состоял(а),1,2,1,0,1,1,страхование жизни/сберегательный договор,собственность,0,2,нет,4746,45,4,нет,радио/телевидение,0
299,25,0,2,2,замужем/живет раздельно/разведена,1,4,1,0,-1,0,недвижимость,аренда,2,1,нет,1371,24,4,нет,автомобиль (новый),0
300,61,1,1,3,живет раздельно/разведен,1,4,1,0,0,4,недвижимость,собственность,2,1,нет,3059,12,2,нет,радио/телевидение,1
301,27,1,2,2,никогда не состоял(а),1,2,1,0,0,4,автомобиль,собственность,1,2,нет,8613,27,2,нет,автомобиль (б/у),1
302,37,1,2,3,никогда не состоял(а),1,4,1,1,0,1,автомобиль,собственность,0,2,нет,3535,36,4,нет,автомобиль (новый),1
303,20,0,2,4,замужем/живет раздельно/разведена,1,4,1,1,1,1,автомобиль,собственность,2,1,нет,1967,24,4,нет,радио/телевидение,1
304,35,1,2,3,никогда не состоял(а),1,1,1,1,0,0,неизвестно/нет собственности,бесплатно,0,2,нет,8858,48,2,нет,автомобиль (б/у),1
305,42,0,2,4,замужем/живет раздельно/разведена,1,4,1,1,1,0,автомобиль,собственность,2,1,нет,5084,24,2,нет,радио/телевидение,1
306,37,0,2,4,замужем/живет раздельно/разведена,1,4,1,1,0,4,недвижимость,собственность,0,2,нет,1287,24,4,нет,автомобиль (новый),1
307,26,1,2,3,никогда не состоял(а),1,4,1,0,0,1,автомобиль,собственность,1,2,нет,5117,27,3,нет,бизнес,1
308,28,1,2,3,никогда не состоял(а),1,2,1,1,0,1,автомобиль,собственность,2,1,нет,2284,24,4,нет,радио/телевидение,1
309,52,1,2,2,никогда не состоял(а),1,4,1,1,0,1,автомобиль,собственность,2,1,нет,3077,12,2,нет,радио/телевидение,1
310,35,0,1,1,замужем/живет раздельно/разведена,1,1,1,1,-1,1,недвижимость,собственность,2,1,нет,10722,47,1,нет,автомобиль (новый),1
311,31,0,1,3,замужем/живет раздельно/разведена,1,4,1,0,0,1,недвижимость,собственность,2,1,нет,1736,12,3,нет,мебель/оборудование,1
312,40,1,2,3,никогда не состоял(а),1,3,1,0,0,1,страхование жизни/сберегательный договор,собственность,0,2,нет,1585,24,4,нет,мебель/оборудование,1
313,35,1,2,4,женат/овдовел,1,1,1,0,-1,3,недвижимость,собственность,2,1,нет,1680,12,3,нет,радио/телевидение,1
314,33,0,1,3,замужем/живет раздельно/разведена,1,4,1,0,0,0,недвижимость,аренда,2,1,банк,2186,15,1,нет,мебель/оборудование,1
315,31,1,2,2,никогда не состоял(а),2,3,1,0,-1,4,страхование жизни/сберегательный договор,собственность,2,1,нет,3651,12,1,нет,автомобиль (новый),1
316,40,1,2,2,женат/овдовел,1,2,1,1,0,0,недвижимость,аренда,2,1,нет,1386,15,4,нет,радио/телевидение,1
317,31,1,2,2,никогда не состоял(а),1,1,1,1,0,0,страхование жизни/сберегательный договор,собственность,2,1,нет,3378,18,2,нет,автомобиль (б/у),1
318,30,1,2,3,никогда не состоял(а),1,2,1,0,1,2,автомобиль,собственность,3,1,нет,3566,48,4,нет,бизнес,1
319,37,1,1,1,никогда не состоял(а),2,1,1,0,0,0,страхование жизни/сберегательный договор,собственность,0,2,нет,3565,12,2,нет,образование,1
320,66,1,3,4,никогда не состоял(а),1,4,1,0,-1,1,неизвестно/нет собственности,бесплатно,0,2,нет,1526,12,4,нет,автомобиль (б/у),1
321,23,0,2,1,замужем/живет раздельно/разведена,1,2,1,0,2,1,страхование жизни/сберегательный договор,собственность,2,1,нет,1275,10,4,нет,мебель/оборудование,1
322,29,0,0,1,замужем/живет раздельно/разведена,1,2,1,0,1,0,неизвестно/нет собственности,собственность,3,1,банк,3990,36,3,нет,бытовая техника,1
323,57,1,1,4,никогда не состоял(а),1,4,1,0,0,0,неизвестно/нет собственности,аренда,0,1,нет,1264,12,4,нет,бизнес,1
324,43,1,2,2,никогда не состоял(а),1,4,1,1,0,1,недвижимость,собственность,2,1,нет,2515,18,3,нет,мебель/оборудование,1
325,48,1,3,2,никогда не состоял(а),1,2,1,1,1,0,автомобиль,собственность,4,1,банк,12204,48,2,нет,бизнес,1
326,27,1,2,2,никогда не состоял(а),1,4,1,0,1,3,автомобиль,собственность,0,1,банк,2326,15,2,нет,бизнес,1
327,51,0,2,3,замужем/живет раздельно/разведена,1,3,1,1,0,2,автомобиль,собственность,0,2,нет,682,12,4,нет,автомобиль (новый),1
328,35,1,2,4,женат/овдовел,1,2,1,1,1,3,недвижимость,собственность,2,1,нет,1410,14,1,нет,бизнес,1
329,25,0,2,2,замужем/живет раздельно/разведена,1,4,1,0,0,0,автомобиль,собственность,2,1,нет,2394,36,4,нет,радио/телевидение,1
330,54,0,0,0,замужем/живет раздельно/разведена,1,4,1,1,0,1,недвижимость,собственность,2,1,нет,672,6,1,нет,автомобиль (новый),1
331,30,1,2,4,никогда не состоял(а),1,4,1,0,1,2,неизвестно/нет собственности,бесплатно,2,1,нет,3069,24,4,нет,мебель/оборудование,1
332,38,1,3,4,никогда не состоял(а),1,2,1,1,0,4,автомобиль,собственность,0,2,нет,5711,36,4,нет,автомобиль (б/у),1
333,35,1,2,4,никогда не состоял(а),2,2,1,1,0,1,страхование жизни/сберегательный договор,собственность,0,2,нет,5842,36,2,нет,автомобиль (б/у),1
334,47,1,1,4,никогда не состоял(а),1,4,1,0,-1,1,недвижимость,собственность,0,2,нет,731,8,4,нет,автомобиль (новый),1
335,46,1,3,4,живет раздельно/разведен,2,2,1,0,0,0,автомобиль,собственность,0,2,банк,7629,48,4,нет,бизнес,1
336,36,0,2,2,замужем/живет раздельно/разведена,1,3,1,0,0,1,недвижимость,собственность,0,2,нет,1028,18,4,нет,автомобиль (новый),1
337,39,1,1,4,женат/овдовел,1,4,1,0,0,1,автомобиль,собственность,4,1,нет,426,6,4,нет,радио/телевидение,1
338,43,0,1,2,замужем/живет раздельно/разведена,1,2,1,0,0,1,автомобиль,собственность,0,1,нет,1459,15,4,нет,радио/телевидение,1
339,37,1,3,4,никогда не состоял(а),1,3,1,0,2,0,автомобиль,собственность,2,1,нет,3399,12,2,нет,радио/телевидение,1
340,22,0,2,2,замужем/живет раздельно/разведена,1,4,0,0,-1,1,автомобиль,аренда,3,1,банк,3632,24,1,поручитель,автомобиль (б/у),1
341,27,1,2,3,никогда не состоял(а),1,1,1,0,0,1,автомобиль,собственность,0,2,нет,3850,18,3,нет,автомобиль (б/у),1
342,24,0,1,2,замужем/живет раздельно/разведена,1,4,1,0,0,2,страхование жизни/сберегательный договор,аренда,2,1,нет,1568,18,3,нет,бизнес,1
343,44,0,3,4,замужем/живет раздельно/разведена,2,4,1,1,-1,1,неизвестно/нет собственности,бесплатно,0,2,нет,6419,24,2,нет,автомобиль (б/у),1
344,44,1,2,4,никогда не состоял(а),1,4,1,0,0,1,неизвестно/нет собственности,бесплатно,0,2,нет,5507,24,3,нет,ремонт,1
345,30,1,3,4,никогда не состоял(а),1,2,1,0,0,3,автомобиль,собственность,2,1,банк,2333,30,4,нет,радио/телевидение,1
346,35,1,2,2,никогда не состоял(а),1,3,1,0,0,2,страхование жизни/сберегательный договор,собственность,1,2,нет,4151,24,2,нет,мебель/оборудование,1
347,30,1,2,2,никогда не состоял(а),1,2,1,0,1,0,автомобиль,собственность,2,1,нет,2028,12,4,нет,автомобиль (б/у),1
348,75,0,3,0,замужем/живет раздельно/разведена,1,3,1,1,-1,0,страхование жизни/сберегательный договор,собственность,2,1,нет,1374,6,4,нет,автомобиль (новый),1
349,35,1,3,4,никогда не состоял(а),1,4,1,1,0,1,автомобиль,собственность,2,1,нет,2670,24,4,нет,автомобиль (б/у),1
350,35,1,2,4,никогда не состоял(а),1,2,1,0,0,0,автомобиль,собственность,2,1,нет,1979,15,4,нет,радио/телевидение,1
351,43,1,2,3,никогда не состоял(а),2,4,1,1,0,0,автомобиль,собственность,0,2,нет,2197,24,4,нет,автомобиль (б/у),1
352,63,1,2,4,никогда не состоял(а),1,4,1,1,-1,1,страхование жизни/сберегательный договор,собственность,0,2,нет,2957,24,4,нет,автомобиль (б/у),1
353,35,1,1,3,никогда не состоял(а),1,3,1,1,0,1,автомобиль,собственность,1,2,нет,4679,24,3,нет,автомобиль (б/у),1
354,22,0,2,1,замужем/живет раздельно/разведена,1,1,1,0,-1,1,автомобиль,аренда,2,1,нет,1858,12,4,нет,мебель/оборудование,1
355,38,1,2,2,никогда не состоял(а),2,4,1,1,1,0,неизвестно/нет собственности,бесплатно,1,1,нет,6681,48,4,нет,бизнес,1
356,30,1,3,2,никогда не состоял(а),1,2,1,1,0,0,автомобиль,собственность,0,1,нет,11054,36,4,нет,автомобиль (б/у),1
357,32,1,1,4,женат/овдовел,1,2,1,0,1,1,недвижимость,собственность,2,1,нет,1301,18,4,поручитель,радио/телевидение,1
358,36,1,2,4,никогда не состоял(а),1,4,1,0,1,0,недвижимость,собственность,0,2,нет,2181,30,4,нет,автомобиль (новый),1
359,30,1,2,4,женат/овдовел,1,3,1,1,-1,1,автомобиль,собственность,0,2,нет,1602,21,4,нет,автомобиль (новый),1
360,32,1,2,2,никогда не состоял(а),1,2,1,0,0,1,автомобиль,собственность,0,2,нет,701,12,4,нет,образование,1
361,34,0,3,1,замужем/живет раздельно/разведена,1,1,1,0,1,1,недвижимость,аренда,2,1,нет,3017,12,3,нет,мебель/оборудование,1
362,46,1,3,2,никогда не состоял(а),2,4,1,1,0,0,страхование жизни/сберегательный договор,собственность,0,2,нет,6842,24,2,нет,автомобиль (б/у),1
363,32,1,2,2,никогда не состоял(а),2,4,1,1,0,0,недвижимость,собственность,1,2,нет,2978,24,4,нет,бизнес,1
364,31,0,2,3,замужем/живет раздельно/разведена,1,4,1,0,-1,1,автомобиль,собственность,0,1,нет,1957,6,1,нет,радио/телевидение,1
365,36,1,3,1,никогда не состоял(а),1,4,1,1,-1,1,неизвестно/нет собственности,бесплатно,3,1,банк,1940,18,3,созаемщик,радио/телевидение,1
366,32,1,2,3,никогда не состоял(а),1,3,1,0,-1,2,автомобиль,собственность,3,1,банк,2325,24,2,нет,автомобиль (новый),1
367,47,1,2,4,никогда не состоял(а),1,4,1,0,2,1,страхование жизни/сберегательный договор,собственность,0,1,нет,3017,30,4,нет,радио/телевидение,1
368,26,1,1,2,никогда не состоял(а),1,2,1,0,0,2,страхование жизни/сберегательный договор,собственность,1,2,нет,4272,30,2,нет,бизнес,1
369,22,0,1,2,замужем/живет раздельно/разведена,1,4,1,0,-1,1,страхование жизни/сберегательный договор,собственность,2,1,нет,806,15,4,нет,бизнес,1
370,27,1,0,1,женат/овдовел,1,2,0,0,2,4,недвижимость,собственность,2,1,нет,709,6,2,нет,автомобиль (новый),1
371,38,1,2,2,никогда не состоял(а),1,4,0,1,0,1,страхование жизни/сберегательный договор,собственность,2,1,нет,1924,10,1,нет,радио/телевидение,1
372,31,1,3,3,никогда не состоял(а),2,2,1,1,0,0,автомобиль,собственность,1,1,магазин,8947,36,3,нет,автомобиль (б/у),1
373,46,1,2,4,женат/овдовел,1,3,1,0,0,1,недвижимость,собственность,0,2,нет,2611,24,4,созаемщик,радио/телевидение,1
374,42,1,3,4,никогда не состоял(а),1,4,1,1,0,1,страхование жизни/сберегательный договор,собственность,2,1,нет,10366,60,2,нет,автомобиль (новый),1
375,63,1,2,4,никогда не состоял(а),1,4,1,1,2,1,неизвестно/нет собственности,бесплатно,0,2,нет,781,10,4,нет,автомобиль (новый),1
376,22,0,2,2,замужем/живет раздельно/разведена,1,1,1,1,1,1,автомобиль,собственность,2,1,нет,1567,12,1,нет,радио/телевидение,1
377,36,1,3,3,живет раздельно/разведен,1,3,1,1,1,3,автомобиль,собственность,0,1,нет,2366,12,3,нет,автомобиль (новый),1
378,25,0,2,3,замужем/живет раздельно/разведена,1,2,1,0,0,1,автомобиль,собственность,0,2,нет,5771,30,4,нет,радио/телевидение,1
379,30,1,2,1,никогда не состоял(а),1,3,1,0,1,1,автомобиль,собственность,2,2,нет,7966,26,2,нет,автомобиль (б/у),1
380,30,1,3,3,никогда не состоял(а),1,4,1,1,-1,0,страхование жизни/сберегательный договор,собственность,0,2,нет,14179,39,4,нет,мебель/оборудование,1
381,65,1,2,4,никогда не состоял(а),1,4,1,0,0,0,недвижимость,собственность,0,4,нет,930,12,4,нет,радио/телевидение,1
382,28,1,2,4,живет раздельно/разведен,2,4,1,1,2,2,автомобиль,собственность,0,2,нет,1323,6,2,нет,автомобиль (новый),1
383,46,0,1,1,замужем/живет раздельно/разведена,1,2,1,0,0,1,страхование жизни/сберегательный договор,собственность,1,2,нет,3594,15,1,нет,автомобиль (б/у),1
384,29,1,2,3,женат/овдовел,1,2,1,0,0,1,недвижимость,аренда,2,1,нет,2108,6,2,нет,радио/телевидение,1
385,24,1,2,2,никогда не состоял(а),1,3,1,0,1,1,недвижимость,собственность,2,1,нет,458,9,4,нет,радио/телевидение,1
386,31,0,2,2,замужем/живет раздельно/разведена,1,2,1,0,0,1,автомобиль,собственность,0,2,магазин,9566,36,2,нет,радио/телевидение,1
387,26,1,1,2,никогда не состоял(а),2,2,1,0,0,0,недвижимость,собственность,3,1,магазин,783,6,1,поручитель,автомобиль (новый),1
388,36,1,2,4,никогда не состоял(а),1,4,1,0,1,1,недвижимость,собственность,0,1,нет,2337,36,4,нет,радио/телевидение,1
389,51,1,1,4,никогда не состоял(а),1,4,1,0,0,3,неизвестно/нет собственности,бесплатно,2,1,нет,2507,9,2,нет,автомобиль (новый),1
390,31,1,3,0,никогда не состоял(а),1,4,1,1,1,2,неизвестно/нет собственности,бесплатно,1,1,нет,7582,48,2,нет,другое,1
391,29,1,1,2,никогда не состоял(а),2,2,1,0,-1,1,страхование жизни/сберегательный договор,собственность,2,1,нет,3590,12,2,созаемщик,мебель/оборудование,1
392,30,1,3,3,никогда не состоял(а),2,3,1,1,-1,2,автомобиль,собственность,2,1,нет,2249,18,4,нет,автомобиль (новый),1
393,31,1,2,4,никогда не состоял(а),2,2,1,1,0,3,автомобиль,собственность,2,1,нет,3430,24,3,нет,радио/телевидение,1
394,24,1,1,3,никогда не состоял(а),1,2,0,0,-1,0,недвижимость,собственность,2,1,нет,3763,21,2,созаемщик,автомобиль (новый),1
395,55,1,3,0,никогда не состоял(а),1,2,1,1,1,1,неизвестно/нет собственности,бесплатно,3,1,банк,9283,42,1,нет,автомобиль (б/у),1
396,35,1,2,2,никогда не состоял(а),1,1,0,0,0,2,неизвестно/нет собственности,аренда,4,1,банк,1204,6,4,нет,автомобиль (новый),1
397,27,1,2,3,женат/овдовел,1,3,1,1,0,2,страхование жизни/сберегательный договор,собственность,0,2,нет,2463,24,4,нет,автомобиль (новый),1
398,26,1,2,4,никогда не состоял(а),1,2,1,0,0,1,неизвестно/нет собственности,собственность,0,2,нет,1934,12,2,нет,радио/телевидение,1
399,58,1,2,4,никогда не состоял(а),1,4,1,1,0,0,автомобиль,собственность,2,1,нет,1867,30,4,нет,радио/телевидение,1
400,43,0,1,2,замужем/живет раздельно/разведена,1,1,1,0,0,4,недвижимость,собственность,0,2,нет,1516,24,4,нет,радио/телевидение,1
401,42,0,2,2,замужем/живет раздельно/разведена,1,4,1,1,1,0,автомобиль,аренда,1,2,нет,1965,24,4,нет,автомобиль (новый),1
402,52,1,2,4,никогда не состоял(а),1,4,1,0,0,1,недвижимость,собственность,0,3,нет,717,12,4,нет,радио/телевидение,1
403,41,1,2,4,никогда не состоял(а),1,1,1,1,1,1,неизвестно/нет собственности,собственность,0,1,нет,6361,18,2,нет,мебель/оборудование,1
404,28,0,2,3,замужем/живет раздельно/разведена,1,1,1,0,0,3,автомобиль,собственность,2,1,нет,1376,24,4,нет,радио/телевидение,1
405,31,1,2,4,живет раздельно/разведен,2,2,1,0,1,2,автомобиль,собственность,1,2,банк,1449,6,1,нет,бизнес,1
406,22,1,2,0,никогда не состоял(а),1,4,1,0,-1,1,неизвестно/нет собственности,бесплатно,2,1,нет,3973,14,1,нет,автомобиль (новый),1
407,62,0,2,4,замужем/живет раздельно/разведена,1,4,1,1,0,1,неизвестно/нет собственности,бесплатно,2,1,нет,3757,24,4,созаемщик,автомобиль (новый),1
408,31,0,2,1,замужем/живет раздельно/разведена,1,4,1,0,0,0,недвижимость,аренда,2,1,нет,2901,10,1,нет,автомобиль (б/у),1
409,24,1,2,2,женат/овдовел,1,1,1,0,2,1,автомобиль,собственность,2,1,нет,3016,12,3,нет,радио/телевидение,1
410,26,1,2,1,женат/овдовел,1,4,1,1,0,0,автомобиль,аренда,2,1,нет,2445,12,2,нет,автомобиль (б/у),1
411,30,1,2,2,никогда не состоял(а),1,2,1,1,1,2,автомобиль,собственность,2,2,нет,5866,18,2,нет,автомобиль (новый),1
412,44,1,2,1,никогда не состоял(а),1,4,1,0,1,2,страхование жизни/сберегательный договор,собственность,0,1,нет,1804,12,3,нет,автомобиль (б/у),1
413,31,0,2,2,замужем/живет раздельно/разведена,1,3,1,0,0,2,автомобиль,собственность,0,1,нет,1532,15,4,нет,образование,1
414,39,1,2,1,женат/овдовел,1,4,1,1,0,1,недвижимость,собственность,2,1,нет,1473,18,3,нет,радио/телевидение,1
415,25,0,2,3,замужем/живет раздельно/разведена,1,4,1,0,0,0,страхование жизни/сберегательный договор,аренда,2,1,нет,1283,22,4,нет,автомобиль (новый),1
416,23,0,2,2,замужем/живет раздельно/разведена,1,1,1,0,-1,1,автомобиль,собственность,2,1,банк,1498,12,4,нет,радио/телевидение,1
417,36,1,3,0,никогда не состоял(а),1,4,1,1,-1,1,неизвестно/нет собственности,бесплатно,0,3,нет,1872,6,4,нет,мебель/оборудование,1
418,24,0,2,1,замужем/живет раздельно/разведена,1,1,1,0,0,0,недвижимость,собственность,2,1,нет,874,15,4,нет,бытовая техника,1
419,31,1,2,2,никогда не состоял(а),1,2,1,0,0,1,страхование жизни/сберегательный договор,собственность,0,2,нет,1360,15,4,нет,радио/телевидение,1
420,44,1,1,1,никогда не состоял(а),2,3,1,0,-1,0,недвижимость,собственность,0,2,нет,4716,6,1,нет,автомобиль (новый),1
421,54,0,2,2,замужем/живет раздельно/разведена,1,2,1,0,1,1,страхование жизни/сберегательный договор,аренда,1,1,нет,7432,36,2,нет,автомобиль (новый),1
422,35,0,3,1,замужем/живет раздельно/разведена,1,4,1,0,0,1,автомобиль,собственность,0,2,нет,1393,11,4,нет,автомобиль (новый),1
423,50,1,2,3,никогда не состоял(а),1,4,1,1,0,1,автомобиль,собственность,3,1,банк,1559,24,4,нет,бизнес,1
424,49,1,2,4,никогда не состоял(а),1,4,1,1,0,0,недвижимость,собственность,0,1,нет,2331,12,1,созаемщик,радио/телевидение,1
425,53,1,2,4,никогда не состоял(а),1,4,1,0,0,0,страхование жизни/сберегательный договор,собственность,0,2,нет,2424,24,4,нет,радио/телевидение,1
426,27,1,2,2,никогда не состоял(а),1,2,1,0,-1,1,автомобиль,собственность,2,1,магазин,4020,24,2,нет,мебель/оборудование,1
427,25,0,2,3,замужем/живет раздельно/разведена,1,1,1,0,-1,1,недвижимость,собственность,2,1,нет,3509,18,4,поручитель,радио/телевидение,1
428,49,1,2,3,никогда не состоял(а),1,3,1,1,-1,1,страхование жизни/сберегательный договор,собственность,0,2,нет,1038,10,4,созаемщик,автомобиль (новый),1
429,34,1,2,4,никогда не состоял(а),1,2,1,0,0,4,автомобиль,собственность,0,1,нет,2578,24,2,нет,радио/телевидение,1
430,30,1,1,3,никогда не состоял(а),1,2,1,0,0,1,страхование жизни/сберегательный договор,собственность,0,2,нет,2028,24,2,нет,мебель/оборудование,1
431,37,1,2,2,никогда не состоял(а),2,2,1,0,-1,1,страхование жизни/сберегательный договор,собственность,2,1,нет,3620,36,1,поручитель,мебель/оборудование,1
432,23,0,2,1,замужем/живет раздельно/разведена,1,4,1,1,2,1,страхование жизни/сберегательный договор,аренда,2,1,нет,392,15,4,нет,образование,1
433,36,1,2,1,никогда не состоял(а),1,3,1,0,-1,1,недвижимость,собственность,2,1,нет,1721,15,2,нет,автомобиль (новый),1
434,25,1,2,1,женат/овдовел,1,3,1,0,1,3,недвижимость,аренда,2,1,нет,3213,18,1,нет,радио/телевидение,1
435,21,0,2,2,замужем/живет раздельно/разведена,1,2,1,0,0,0,автомобиль,собственность,2,1,нет,886,12,4,нет,радио/телевидение,1
436,34,1,3,4,никогда не состоял(а),1,4,1,1,0,1,автомобиль,собственность,0,2,нет,6614,36,4,нет,автомобиль (новый),1
437,23,1,2,4,никогда не состоял(а),1,4,1,1,0,4,неизвестно/нет собственности,аренда,0,2,нет,3368,15,3,нет,автомобиль (б/у),1
438,32,1,2,3,никогда не состоял(а),1,3,0,0,0,0,страхование жизни/сберегательный договор,собственность,2,1,нет,2662,18,4,нет,автомобиль (новый),1
439,64,0,2,2,замужем/живет раздельно/разведена,1,3,1,0,1,1,недвижимость,собственность,2,1,нет,753,6,2,поручитель,радио/телевидение,1
440,29,0,2,2,замужем/живет раздельно/разведена,1,1,1,0,0,1,недвижимость,собственность,2,1,нет,518,6,3,нет,радио/телевидение,1
441,67,0,3,3,замужем/живет раздельно/разведена,1,4,1,1,1,1,страхование жизни/сберегательный договор,собственность,2,2,нет,1199,9,4,нет,образование,1
442,30,1,2,2,никогда не состоял(а),1,2,1,0,-1,1,страхование жизни/сберегательный договор,собственность,0,2,нет,2121,12,4,нет,автомобиль (новый),1
443,27,1,2,2,женат/овдовел,1,2,1,1,0,1,недвижимость,собственность,2,2,нет,1101,12,3,нет,автомобиль (новый),1
444,27,1,1,2,никогда не состоял(а),1,2,1,0,0,1,автомобиль,собственность,1,2,нет,802,14,4,нет,автомобиль (новый),1
445,22,0,2,1,замужем/живет раздельно/разведена,1,4,1,0,-1,1,автомобиль,аренда,2,1,нет,3650,18,1,нет,мебель/оборудование,1
446,43,1,2,4,никогда не состоял(а),1,2,1,1,-1,2,страхование жизни/сберегательный договор,собственность,2,1,нет,1203,6,3,нет,автомобиль (новый),1
447,27,1,1,2,никогда не состоял(а),1,1,1,0,1,0,недвижимость,собственность,1,1,нет,7418,60,1,нет,радио/телевидение,1
448,28,0,3,2,замужем/живет раздельно/разведена,1,1,1,1,2,2,автомобиль,собственность,2,1,банк,2923,21,1,нет,автомобиль (новый),1
449,28,0,2,2,замужем/живет раздельно/разведена,1,4,1,1,0,4,автомобиль,аренда,2,1,нет,2603,24,2,нет,автомобиль (б/у),1
450,45,0,1,4,замужем/живет раздельно/разведена,1,4,1,1,0,0,недвижимость,собственность,2,1,нет,3835,36,2,нет,радио/телевидение,1
451,41,1,1,4,женат/овдовел,1,4,1,0,0,2,недвижимость,аренда,2,1,нет,1469,24,4,нет,автомобиль (новый),1
452,27,0,2,1,замужем/живет раздельно/разведена,1,1,1,0,-1,1,недвижимость,собственность,2,1,нет,343,6,4,нет,бытовая техника,1
453,54,1,2,4,никогда не состоял(а),1,3,1,0,-1,1,недвижимость,собственность,0,1,нет,1409,12,4,нет,автомобиль (б/у),1
454,38,1,3,3,никогда не состоял(а),1,3,1,1,0,1,автомобиль,собственность,2,1,нет,7814,24,3,нет,автомобиль (б/у),1
455,27,1,2,2,никогда не состоял(а),1,2,1,0,-1,1,недвижимость,собственность,2,1,нет,1657,12,2,нет,мебель/оборудование,1
456,39,1,1,3,никогда не состоял(а),1,4,0,0,-1,1,недвижимость,собственность,0,2,нет,3398,8,1,нет,автомобиль (новый),1
457,27,0,2,1,замужем/живет раздельно/разведена,1,3,0,0,-1,0,недвижимость,аренда,0,2,нет,2132,10,2,созаемщик,мебель/оборудование,1
458,28,1,2,1,женат/овдовел,1,2,1,0,0,1,недвижимость,собственность,2,1,нет,1249,24,4,нет,автомобиль (новый),1
459,36,1,3,3,никогда не состоял(а),1,4,1,1,1,2,автомобиль,аренда,1,1,нет,6967,24,4,нет,бизнес,1
460,70,1,3,0,никогда не состоял(а),1,4,1,1,1,1,неизвестно/нет собственности,бесплатно,2,1,банк,7308,10,2,нет,автомобиль (новый),1
461,62,1,2,2,живет раздельно/разведен,1,4,1,0,0,3,недвижимость,собственность,2,1,нет,1338,6,1,нет,бытовая техника,1
462,34,0,2,3,замужем/живет раздельно/разведена,2,3,1,1,0,4,автомобиль,собственность,2,1,нет,1525,24,4,нет,автомобиль (новый),1
463,67,1,2,4,никогда не состоял(а),1,4,1,1,-1,0,недвижимость,собственность,0,2,нет,1169,6,4,нет,радио/телевидение,1
464,34,1,1,4,никогда не состоял(а),2,4,1,0,0,2,автомобиль,собственность,3,1,банк,1569,15,4,нет,радио/телевидение,1
465,31,1,2,2,никогда не состоял(а),1,2,1,1,0,1,недвижимость,собственность,2,1,нет,1393,24,2,поручитель,автомобиль (новый),1
466,31,1,1,3,никогда не состоял(а),2,3,1,1,1,2,страхование жизни/сберегательный договор,собственность,1,2,нет,9857,36,1,нет,бизнес,1
467,26,1,2,3,никогда не состоял(а),1,1,1,1,-1,2,недвижимость,собственность,0,2,нет,1382,24,4,нет,бизнес,1
468,25,0,2,2,замужем/живет раздельно/разведена,1,1,1,0,0,1,автомобиль,собственность,0,2,нет,2238,18,2,нет,радио/телевидение,1
469,29,0,2,4,замужем/живет раздельно/разведена,1,4,1,0,1,4,неизвестно/нет собственности,аренда,0,1,нет,7758,24,2,нет,автомобиль (б/у),1
470,29,1,1,1,никогда не состоял(а),2,2,0,0,2,0,недвижимость,собственность,2,1,нет,1494,4,1,нет,автомобиль (новый),1
471,38,1,2,4,никогда не состоял(а),1,4,1,0,0,1,автомобиль,собственность,2,1,нет,804,12,4,нет,радио/телевидение,1
472,65,1,0,0,никогда не состоял(а),1,4,1,0,-1,1,автомобиль,собственность,0,2,нет,3394,42,4,созаемщик,ремонт,1
473,39,1,2,3,никогда не состоял(а),1,4,1,1,-1,0,автомобиль,собственность,2,1,нет,2212,20,4,нет,мебель/оборудование,1
474,47,0,2,4,замужем/живет раздельно/разведена,1,2,1,1,2,2,неизвестно/нет собственности,бесплатно,2,1,нет,1377,24,4,нет,радио/телевидение,1
475,27,1,1,2,женат/овдовел,1,3,1,0,-1,1,недвижимость,собственность,2,1,нет,1168,12,4,нет,автомобиль (новый),1
476,42,1,1,3,никогда не состоял(а),2,1,1,0,0,1,недвижимость,собственность,0,2,нет,1503,4,2,нет,радио/телевидение,1
477,74,1,3,2,никогда не состоял(а),1,2,1,1,0,1,недвижимость,собственность,0,1,нет,4526,24,3,нет,бизнес,1
478,44,1,2,1,живет раздельно/разведен,1,4,1,1,0,0,недвижимость,собственность,0,2,нет,3485,20,2,нет,автомобиль (новый),1
479,25,1,1,2,никогда не состоял(а),1,4,1,0,-1,1,недвижимость,собственность,0,2,нет,1138,9,4,нет,радио/телевидение,1
480,33,1,2,4,никогда не состоял(а),1,4,1,1,0,1,автомобиль,собственность,0,2,нет,6070,18,3,нет,радио/телевидение,1
481,27,1,1,2,никогда не состоял(а),1,3,1,1,0,2,страхование жизни/сберегательный договор,собственность,0,2,нет,4139,24,3,нет,бизнес,1
482,50,1,2,4,никогда не состоял(а),1,4,1,1,1,0,недвижимость,собственность,0,2,нет,1537,15,4,поручитель,радио/телевидение,1
483,36,0,2,2,замужем/живет раздельно/разведена,1,2,1,1,2,1,автомобиль,собственность,1,2,магазин,2247,12,2,нет,автомобиль (новый),1
484,25,1,2,4,никогда не состоял(а),1,2,1,0,0,0,автомобиль,собственность,2,2,нет,999,24,4,нет,радио/телевидение,1
485,27,1,2,0,никогда не состоял(а),1,4,1,0,1,2,автомобиль,собственность,0,1,нет,4576,45,3,нет,автомобиль (б/у),1
486,23,0,1,1,замужем/живет раздельно/разведена,2,3,1,0,0,1,недвижимость,аренда,2,1,нет,601,4,1,нет,мебель/оборудование,1
487,23,0,2,1,замужем/живет раздельно/разведена,1,4,1,1,0,1,страхование жизни/сберегательный договор,собственность,0,1,нет,2288,21,4,нет,мебель/оборудование,1
488,34,1,2,2,никогда не состоял(а),2,2,1,1,1,4,автомобиль,собственность,3,1,магазин,3496,30,4,нет,мебель/оборудование,1
489,22,1,2,2,никогда не состоял(а),1,4,1,1,-1,3,недвижимость,собственность,3,1,магазин,2483,24,4,нет,мебель/оборудование,1
490,59,0,2,4,замужем/живет раздельно/разведена,1,4,1,1,0,0,автомобиль,собственность,0,1,нет,5045,15,1,нет,автомобиль (новый),1
491,38,0,2,4,замужем/живет раздельно/разведена,1,2,1,1,0,0,недвижимость,собственность,0,2,нет,1240,12,4,нет,радио/телевидение,1
492,57,0,2,4,замужем/живет раздельно/разведена,1,4,1,1,-1,4,страхование жизни/сберегательный договор,аренда,2,2,нет,3622,30,4,нет,мебель/оборудование,1
493,38,1,1,2,никогда не состоял(а),1,4,0,0,-1,1,страхование жизни/сберегательный договор,собственность,0,2,банк,2171,12,4,нет,автомобиль (новый),1
494,32,1,2,1,никогда не состоял(а),1,2,1,1,0,1,автомобиль,собственность,2,1,нет,4594,18,3,нет,радио/телевидение,1
495,26,1,2,2,никогда не состоял(а),1,2,1,0,2,1,недвижимость,собственность,2,1,нет,1925,24,2,нет,мебель/оборудование,1
496,31,0,3,3,замужем/живет раздельно/разведена,1,2,1,0,0,3,автомобиль,собственность,2,1,банк,2782,21,1,нет,автомобиль (новый),1
497,26,1,2,1,никогда не состоял(а),1,1,1,0,1,1,страхование жизни/сберегательный договор,собственность,2,1,нет,1201,24,4,нет,автомобиль (новый),1
498,26,1,2,3,никогда не состоял(а),1,3,1,0,1,1,страхование жизни/сберегательный договор,собственность,0,1,нет,1424,12,4,нет,бытовая техника,1
499,36,1,2,3,никогда не состоял(а),1,3,1,1,0,3,страхование жизни/сберегательный договор,собственность,2,2,нет,1262,15,4,нет,бытовая техника,1
500,38,1,2,4,никогда не состоял(а),2,3,1,1,0,0,автомобиль,собственность,0,2,нет,2751,48,4,нет,автомобиль (б/у),1
501,24,0,2,4,замужем/живет раздельно/разведена,1,4,1,0,-1,1,страхование жизни/сберегательный договор,аренда,2,1,нет,652,12,4,нет,мебель/оборудование,1
502,35,1,1,2,никогда не состоял(а),1,2,1,0,0,1,недвижимость,собственность,0,2,нет,2684,24,4,нет,радио/телевидение,1
503,45,1,2,4,никогда не состоял(а),2,4,1,0,0,0,неизвестно/нет собственности,бесплатно,2,1,банк,1300,15,4,нет,автомобиль (б/у),1
504,31,1,2,4,женат/овдовел,1,4,1,1,1,2,автомобиль,собственность,4,2,банк,6148,20,3,нет,автомобиль (б/у),1
505,48,1,1,4,никогда не состоял(а),1,2,1,0,1,1,страхование жизни/сберегательный договор,собственность,0,2,нет,1743,24,4,нет,радио/телевидение,1
506,24,1,2,2,никогда не состоял(а),1,4,1,0,0,3,автомобиль,собственность,2,1,нет,2569,39,4,нет,автомобиль (б/у),1
507,28,0,2,2,замужем/живет раздельно/разведена,1,2,1,0,0,1,неизвестно/нет собственности,собственность,0,2,нет,1817,18,4,нет,мебель/оборудование,1
508,36,1,2,4,никогда не состоял(а),1,4,1,1,1,0,неизвестно/нет собственности,бесплатно,2,1,банк,2760,24,4,нет,автомобиль (б/у),1
509,28,0,2,2,замужем/живет раздельно/разведена,1,1,1,1,0,1,автомобиль,собственность,0,2,нет,1382,6,1,нет,радио/телевидение,1
510,37,0,2,2,замужем/живет раздельно/разведена,1,4,1,1,0,1,автомобиль,собственность,0,1,нет,2022,24,4,нет,автомобиль (новый),1
511,39,1,3,4,никогда не состоял(а),1,4,1,1,0,1,автомобиль,собственность,2,1,нет,1884,12,4,нет,автомобиль (новый),1
512,42,0,2,2,замужем/живет раздельно/разведена,1,3,1,0,2,4,недвижимость,аренда,3,2,нет,409,12,3,нет,радио/телевидение,1
513,39,1,2,4,никогда не состоял(а),2,3,1,0,-1,1,страхование жизни/сберегательный договор,собственность,2,1,нет,2522,30,1,поручитель,радио/телевидение,1
514,30,0,2,1,замужем/живет раздельно/разведена,1,1,1,0,1,3,автомобиль,собственность,4,2,нет,8358,48,1,нет,автомобиль (новый),1
515,20,1,2,4,никогда не состоял(а),1,4,1,0,0,1,автомобиль,собственность,2,1,нет,1313,9,1,нет,мебель/оборудование,1
516,24,1,1,1,никогда не состоял(а),1,1,0,0,-1,1,страхование жизни/сберегательный договор,собственность,2,1,нет,1747,24,4,созаемщик,мебель/оборудование,1
517,48,1,2,2,никогда не состоял(а),1,4,1,1,0,1,автомобиль,собственность,0,3,нет,2134,9,4,нет,автомобиль (новый),1
518,20,0,2,3,замужем/живет раздельно/разведена,1,3,1,0,0,4,автомобиль,аренда,2,1,нет,3186,15,2,нет,автомобиль (новый),1
519,33,0,3,1,замужем/живет раздельно/разведена,1,1,1,1,2,1,страхование жизни/сберегательный договор,собственность,2,1,банк,1474,12,4,нет,мебель/оборудование,1
520,23,1,1,2,никогда не состоял(а),1,4,1,0,1,1,недвижимость,собственность,3,1,магазин,1048,10,4,нет,радио/телевидение,1
521,25,1,1,2,женат/овдовел,1,2,1,0,1,1,недвижимость,собственность,2,1,нет,866,18,4,поручитель,радио/телевидение,1
522,30,1,2,4,никогда не состоял(а),1,3,1,0,1,2,неизвестно/нет собственности,бесплатно,1,1,нет,2862,36,4,нет,автомобиль (новый),1
523,27,0,2,3,замужем/живет раздельно/разведена,1,1,1,0,1,1,недвижимость,собственность,2,1,нет,2930,12,2,нет,радио/телевидение,1
524,24,0,2,1,замужем/живет раздельно/разведена,1,4,1,1,1,1,неизвестно/нет собственности,бесплатно,0,2,нет,5743,24,2,нет,образование,1
525,26,1,3,4,живет раздельно/разведен,1,2,1,1,0,3,автомобиль,собственность,2,1,нет,3235,24,3,нет,радио/телевидение,1
526,49,1,1,2,живет раздельно/разведен,1,2,1,0,0,1,недвижимость,собственность,2,1,нет,640,12,4,нет,автомобиль (новый),1
527,36,1,2,4,никогда не состоял(а),1,4,1,0,0,0,неизвестно/нет собственности,бесплатно,1,1,нет,846,7,3,нет,радио/телевидение,1
528,51,1,2,4,никогда не состоял(а),1,2,1,1,0,0,автомобиль,собственность,0,1,нет,3342,36,4,нет,радио/телевидение,1
529,36,1,2,4,никогда не состоял(а),1,4,1,0,0,3,страхование жизни/сберегательный договор,собственность,2,1,нет,909,36,4,нет,автомобиль (новый),1
530,26,0,2,4,замужем/живет раздельно/разведена,1,4,1,0,-1,0,недвижимость,аренда,2,1,нет,2812,24,2,нет,автомобиль (б/у),1
531,26,0,2,2,замужем/живет раздельно/разведена,1,2,1,1,0,1,автомобиль,собственность,1,2,нет,2764,33,2,нет,бизнес,1
532,31,1,3,0,никогда не состоял(а),1,3,1,0,0,1,автомобиль,собственность,0,1,нет,2406,9,2,нет,мебель/оборудование,1
533,42,1,2,4,никогда не состоял(а),2,4,1,1,0,2,неизвестно/нет собственности,бесплатно,2,1,банк,1346,6,2,нет,радио/телевидение,1
534,28,1,2,2,женат/овдовел,1,2,1,0,0,1,страхование жизни/сберегательный договор,собственность,2,1,нет,1413,24,4,нет,радио/телевидение,1
535,51,1,2,3,никогда не состоял(а),2,2,1,0,0,1,страхование жизни/сберегательный договор,собственность,2,1,нет,1595,6,3,нет,радио/телевидение,1
536,35,1,1,2,никогда не состоял(а),1,2,0,0,0,2,недвижимость,аренда,2,1,нет,1418,10,3,нет,автомобиль (новый),1
537,51,1,2,3,никогда не состоял(а),1,4,1,0,1,1,страхование жизни/сберегательный договор,собственность,1,1,нет,4771,11,2,нет,радио/телевидение,1
538,47,1,2,4,никогда не состоял(а),2,4,1,1,0,1,страхование жизни/сберегательный договор,собственность,2,3,банк,1393,12,4,нет,образование,1
539,33,1,2,2,живет раздельно/разведен,1,2,1,0,0,4,недвижимость,собственность,2,1,нет,1543,6,4,нет,мебель/оборудование,1
540,40,1,3,0,никогда не состоял(а),1,4,1,1,1,1,страхование жизни/сберегательный договор,собственность,0,2,магазин,7374,18,4,нет,мебель/оборудование,1
541,36,1,1,2,никогда не состоял(а),1,2,1,1,-1,1,недвижимость,собственность,2,1,банк,1374,6,1,нет,мебель/оборудование,1
542,41,1,2,3,никогда не состоял(а),2,1,1,1,1,0,автомобиль,собственность,2,2,нет,3979,48,4,нет,радио/телевидение,1
543,29,1,2,2,никогда не состоял(а),1,3,1,1,1,1,автомобиль,собственность,1,2,банк,2629,20,2,нет,другое,1
544,38,1,3,0,никогда не состоял(а),1,4,1,1,0,0,неизвестно/нет собственности,собственность,0,1,нет,3229,18,2,нет,автомобиль (б/у),1
545,36,1,2,2,никогда не состоял(а),2,2,1,0,-1,1,недвижимость,аренда,0,2,нет,2799,9,2,нет,автомобиль (новый),1
546,30,1,2,4,женат/овдовел,1,2,1,0,0,1,недвижимость,аренда,0,2,нет,1740,6,2,нет,радио/телевидение,1
547,36,1,3,4,никогда не состоял(а),1,4,1,1,-1,1,неизвестно/нет собственности,бесплатно,0,3,нет,5302,18,2,нет,автомобиль (новый),1
548,36,1,2,2,никогда не состоял(а),1,4,1,1,0,3,недвижимость,собственность,0,2,нет,4042,42,4,нет,мебель/оборудование,1
549,48,1,2,2,живет раздельно/разведен,1,4,1,1,0,0,неизвестно/нет собственности,бесплатно,2,1,нет,9277,24,2,нет,автомобиль (б/у),1
550,43,1,1,2,никогда не состоял(а),2,4,1,0,0,1,страхование жизни/сберегательный договор,собственность,2,1,нет,7393,24,1,нет,автомобиль (новый),1
551,40,1,1,2,женат/овдовел,1,2,1,0,-1,1,недвижимость,собственность,2,1,нет,701,12,4,нет,радио/телевидение,1
552,39,0,1,3,замужем/живет раздельно/разведена,1,4,1,1,-1,4,недвижимость,собственность,0,2,нет,666,6,3,нет,автомобиль (новый),1
553,40,1,1,2,никогда не состоял(а),2,2,0,0,0,3,неизвестно/нет собственности,аренда,2,1,нет,1597,10,3,нет,автомобиль (новый),1
554,25,0,2,4,замужем/живет раздельно/разведена,1,4,1,0,1,0,автомобиль,собственность,2,1,нет,2991,30,2,нет,радио/телевидение,1
555,44,0,1,3,замужем/живет раздельно/разведена,1,2,1,0,1,1,недвижимость,собственность,2,1,нет,760,8,4,поручитель,радио/телевидение,1
556,28,1,2,4,живет раздельно/разведен,1,2,1,1,0,4,недвижимость,собственность,2,1,нет,2142,11,1,нет,бизнес,1
557,50,1,3,3,никогда не состоял(а),1,1,1,1,-1,1,неизвестно/нет собственности,бесплатно,2,1,нет,7476,48,4,нет,образование,1
558,29,0,2,1,замужем/живет раздельно/разведена,1,2,1,0,-1,4,автомобиль,собственность,2,1,банк,3357,21,4,нет,радио/телевидение,1
559,35,1,3,2,никогда не состоял(а),1,2,1,1,1,1,автомобиль,аренда,2,1,нет,6948,36,2,нет,автомобиль (б/у),1
560,25,0,2,2,замужем/живет раздельно/разведена,1,3,1,0,-1,1,страхование жизни/сберегательный договор,аренда,0,2,нет,1433,15,4,нет,мебель/оборудование,1
561,27,1,2,2,женат/овдовел,1,1,1,1,1,1,недвижимость,собственность,2,1,банк,1391,9,2,нет,бизнес,1
562,27,1,2,1,никогда не состоял(а),1,1,1,0,1,2,автомобиль,собственность,0,1,нет,1995,12,4,нет,автомобиль (новый),1
563,33,1,2,3,никогда не состоял(а),1,2,1,0,0,1,автомобиль,собственность,2,1,нет,3029,15,2,нет,автомобиль (б/у),1
564,35,0,2,2,замужем/живет раздельно/разведена,1,2,1,0,0,1,страхование жизни/сберегательный договор,собственность,0,2,нет,1291,12,4,нет,радио/телевидение,1
565,26,1,2,2,женат/овдовел,1,1,0,0,0,0,автомобиль,собственность,0,2,нет,2069,10,2,нет,мебель/оборудование,1
566,48,1,2,4,никогда не состоял(а),2,4,1,1,0,0,страхование жизни/сберегательный договор,собственность,2,4,нет,5190,27,4,нет,ремонт,1
567,29,1,2,3,женат/овдовел,1,4,1,1,0,0,страхование жизни/сберегательный договор,аренда,2,1,нет,7166,42,2,нет,радио/телевидение,1
568,33,0,1,2,замужем/живет раздельно/разведена,1,2,1,0,1,0,недвижимость,собственность,2,1,нет,3195,9,1,нет,автомобиль (новый),1
569,35,1,1,2,никогда не состоял(а),2,4,1,1,0,0,неизвестно/нет собственности,бесплатно,2,1,нет,9055,36,2,нет,образование,1
570,32,1,3,3,женат/овдовел,1,1,1,1,-1,1,страхование жизни/сберегательный договор,собственность,0,2,нет,1880,18,4,нет,радио/телевидение,1
571,33,0,2,2,замужем/живет раздельно/разведена,1,2,1,1,0,0,автомобиль,собственность,0,2,нет,1927,24,3,нет,образование,1
572,25,1,2,2,никогда не состоял(а),1,2,1,0,-1,1,недвижимость,собственность,2,1,нет,2136,9,3,нет,мебель/оборудование,1
573,32,1,2,2,никогда не состоял(а),2,2,1,0,0,2,недвижимость,собственность,2,1,нет,2848,10,1,созаемщик,автомобиль (б/у),1
574,30,1,3,2,женат/овдовел,1,2,1,1,0,1,страхование жизни/сберегательный договор,собственность,2,1,нет,1820,18,2,нет,автомобиль (новый),1
575,40,1,2,4,никогда не состоял(а),2,2,1,1,0,0,автомобиль,собственность,0,2,нет,3077,30,3,нет,радио/телевидение,1
576,39,1,3,3,никогда не состоял(а),2,4,1,1,-1,1,неизвестно/нет собственности,бесплатно,2,1,банк,3249,36,2,нет,автомобиль (новый),1
577,22,1,2,2,никогда не состоял(а),1,2,1,0,1,2,недвижимость,собственность,2,1,нет,1514,15,4,поручитель,ремонт,1
578,40,1,0,0,никогда не состоял(а),1,4,1,1,1,0,неизвестно/нет собственности,бесплатно,2,1,банк,5381,48,3,нет,другое,1
579,31,1,2,2,никогда не состоял(а),1,3,1,1,0,1,неизвестно/нет собственности,бесплатно,0,1,банк,6110,48,1,нет,образование,1
580,31,1,1,2,никогда не состоял(а),1,2,1,1,1,1,недвижимость,собственность,4,1,нет,1410,12,2,нет,переподготовка,1
581,36,1,2,3,никогда не состоял(а),1,4,1,1,0,1,автомобиль,собственность,2,1,нет,1542,12,2,нет,бизнес,1
582,22,1,2,2,женат/овдовел,1,1,1,0,1,4,недвижимость,собственность,2,1,нет,1007,12,4,нет,автомобиль (новый),1
583,42,1,2,4,никогда не состоял(а),2,4,1,0,-1,1,неизвестно/нет собственности,бесплатно,2,1,нет,5493,36,2,нет,автомобиль (б/у),1
584,38,1,1,2,никогда не состоял(а),2,3,1,0,-1,1,страхование жизни/сберегательный договор,собственность,2,1,нет,708,12,2,поручитель,мебель/оборудование,1
585,28,0,2,2,замужем/живет раздельно/разведена,1,2,1,0,0,2,недвижимость,собственность,2,1,нет,2073,12,4,созаемщик,радио/телевидение,1
586,23,1,2,2,никогда не состоял(а),1,2,1,1,2,1,недвижимость,собственность,2,1,нет,3913,36,2,нет,радио/телевидение,1
587,49,1,2,4,никогда не состоял(а),1,4,1,1,0,0,страхование жизни/сберегательный договор,аренда,0,1,нет,5801,12,2,нет,мебель/оборудование,1
588,47,1,2,2,живет раздельно/разведен,1,4,1,0,1,1,страхование жизни/сберегательный договор,собственность,1,2,нет,2353,21,1,нет,автомобиль (новый),1
589,40,1,1,1,никогда не состоял(а),2,4,0,0,-1,1,недвижимость,собственность,0,1,нет,1361,6,2,нет,автомобиль (новый),1
590,26,1,2,3,никогда не состоял(а),1,4,1,1,2,1,страхование жизни/сберегательный договор,аренда,2,1,нет,2687,15,2,нет,бизнес,1
591,35,0,1,2,замужем/живет раздельно/разведена,2,3,1,0,0,3,недвижимость,собственность,3,1,нет,3447,12,4,нет,переподготовка,1
592,27,0,2,1,замужем/живет раздельно/разведена,1,1,1,0,-1,1,автомобиль,собственность,2,1,магазин,2389,18,4,нет,радио/телевидение,1
593,35,1,2,4,никогда не состоял(а),1,4,1,1,0,2,автомобиль,собственность,2,1,нет,2753,9,3,созаемщик,радио/телевидение,1
594,37,0,2,3,замужем/живет раздельно/разведена,2,1,1,0,0,1,недвижимость,собственность,0,1,нет,3380,4,1,нет,автомобиль (новый),1
595,38,0,2,1,замужем/живет раздельно/разведена,1,3,1,1,0,1,автомобиль,собственность,2,1,магазин,1533,24,4,нет,радио/телевидение,1
596,35,1,2,2,никогда не состоял(а),1,4,1,1,0,1,неизвестно/нет собственности,бесплатно,0,2,нет,1471,15,4,нет,радио/телевидение,1
597,20,0,2,2,замужем/живет раздельно/разведена,1,4,1,0,0,3,автомобиль,аренда,2,1,нет,2221,15,2,нет,мебель/оборудование,1
598,22,1,2,2,никогда не состоял(а),1,4,1,1,-1,3,недвижимость,собственность,3,1,магазин,2828,24,4,нет,мебель/оборудование,1
599,21,1,2,3,никогда не состоял(а),1,4,1,1,0,1,автомобиль,собственность,1,2,нет,15653,60,2,нет,радио/телевидение,1
